"epoch","loss","lr","part","step","time","accuracy","auprc","auroc","challenge_metric","f_beta_measure","f_measure","g_beta_measure"
0.0,0.21311581134796143,6.0066054205768675e-05,"train",200.0,"2021-12-09 09:01:55.133139","","","","","","",""
0.0,0.1378984898328781,6.026420470319101e-05,"train",400.0,"2021-12-09 09:02:21.771709","","","","","","",""
0.0,0.13197441399097443,6.05944151348401e-05,"train",600.0,"2021-12-09 09:02:49.424642","","","","","","",""
0.0,0.10870079696178436,6.10566249124166e-05,"train",800.0,"2021-12-09 09:03:18.030901","","","","","","",""
0.0,0.13503892719745636,6.16507492278652e-05,"train",1000.0,"2021-12-09 09:03:47.530622","","","","","","",""
0.0,0.12603676319122314,6.237667906893699e-05,"train",1200.0,"2021-12-09 09:04:16.711960","","","","","","",""
0.0,0.09914083033800125,6.323428123918983e-05,"train",1400.0,"2021-12-09 09:04:45.935888","","","","","","",""
0.0,0.10701780021190643,6.422339838242858e-05,"train",1600.0,"2021-12-09 09:05:15.148365","","","","","","",""
0.0,0.09854627400636673,6.534384901157745e-05,"train",1800.0,"2021-12-09 09:05:44.175708","","","","","","",""
0.0,0.0711943656206131,6.65954275419797e-05,"train",2000.0,"2021-12-09 09:06:13.419780","","","","","","",""
0.0,0.14616894721984863,6.79779043291195e-05,"train",2200.0,"2021-12-09 09:06:42.463732","","","","","","",""
0.0,0.13124717772006989,6.949102571075718e-05,"train",2400.0,"2021-12-09 09:07:11.319449","","","","","","",""
0.0,0.11004599183797836,7.113451405347322e-05,"train",2600.0,"2021-12-09 09:07:39.729542","","","","","","",""
0.0,0.14060726761817932,7.290806780360865e-05,"train",2800.0,"2021-12-09 09:08:07.272823","","","","","","",""
0.0,0.11781326681375504,7.481136154259592e-05,"train",3000.0,"2021-12-09 09:08:35.544923","","","","","","",""
0.0,0.09042129665613174,7.684404604666796e-05,"train",3200.0,"2021-12-09 09:09:04.518770","","","","","","",""
0.0,0.12029550969600677,7.900574835093379e-05,"train",3400.0,"2021-12-09 09:09:33.680253","","","","","","",""
0.0,"","","val",3436.0,"2021-12-09 09:10:18.733240",0.3449495535196567,0.3077894064702806,0.8417924295831251,0.3788553805282082,0.24672169973538427,0.23087144600958812,0.14211605137621425
1.0,0.07784340530633926,8.129607181781386e-05,"train",3600.0,"2021-12-09 09:10:45.060282","","","","","","",""
1.0,0.11613454669713974,8.371459620981473e-05,"train",3800.0,"2021-12-09 09:11:14.611300","","","","","","",""
1.0,0.09286930412054062,8.626087776663705e-05,"train",4000.0,"2021-12-09 09:11:44.327834","","","","","","",""
1.0,0.1241554245352745,8.893444928659766e-05,"train",4200.0,"2021-12-09 09:12:13.690032","","","","","","",""
1.0,0.11181705445051193,9.173482021235398e-05,"train",4400.0,"2021-12-09 09:12:41.973418","","","","","","",""
1.0,0.1349523812532425,9.46614767209134e-05,"train",4600.0,"2021-12-09 09:13:09.620386","","","","","","",""
1.0,0.11992830783128738,9.771388181791115e-05,"train",4800.0,"2021-12-09 09:13:37.474500","","","","","","",""
1.0,0.10316350311040878,0.00010089147543614128,"train",5000.0,"2021-12-09 09:14:05.592133","","","","","","",""
1.0,0.08363347500562668,0.0001041936745383176,"train",5200.0,"2021-12-09 09:14:33.278483","","","","","","",""
1.0,0.10370684415102005,0.0001076198732240549,"train",5400.0,"2021-12-09 09:15:01.161581","","","","","","",""
1.0,0.15244586765766144,0.00011116944284103873,"train",5600.0,"2021-12-09 09:15:28.590320","","","","","","",""
1.0,0.09089581668376923,0.00011484173210037519,"train",5800.0,"2021-12-09 09:15:55.891112","","","","","","",""
1.0,0.10228461027145386,0.00011863606719609123,"train",6000.0,"2021-12-09 09:16:23.570960","","","","","","",""
1.0,0.08607486635446548,0.00012255175192876647,"train",6200.0,"2021-12-09 09:16:50.786452","","","","","","",""
1.0,0.12419847398996353,0.00012658806783327628,"train",6400.0,"2021-12-09 09:17:18.948487","","","","","","",""
1.0,0.08963312953710556,0.00013074427431061645,"train",6600.0,"2021-12-09 09:17:46.793248","","","","","","",""
1.0,0.13774505257606506,0.0001350196087637934,"train",6800.0,"2021-12-09 09:18:15.020201","","","","","","",""
1.0,"","","val",6872.0,"2021-12-09 09:18:53.645874",0.4062971123738838,0.3692530821864244,0.8830446266991374,0.43977634905515933,0.3068054567076023,0.28666843443857803,0.18396815341847023
2.0,0.10706931352615356,0.00013941328673774673,"train",7000.0,"2021-12-09 09:19:12.909306","","","","","","",""
2.0,0.08291999250650406,0.00014392450206328474,"train",7200.0,"2021-12-09 09:19:39.872075","","","","","","",""
2.0,0.10173917561769485,0.00014855242700500355,"train",7400.0,"2021-12-09 09:20:06.826964","","","","","","",""
2.0,0.1009848415851593,0.00015329621241316326,"train",7600.0,"2021-12-09 09:20:34.198785","","","","","","",""
2.0,0.0798240378499031,0.00015815498787949346,"train",7800.0,"2021-12-09 09:21:02.108071","","","","","","",""
2.0,0.0725964903831482,0.00016312786189689793,"train",8000.0,"2021-12-09 09:21:28.738868","","","","","","",""
2.0,0.09525633603334427,0.00016821392202303362,"train",8200.0,"2021-12-09 09:21:56.292199","","","","","","",""
2.0,0.06756772100925446,0.00017341223504772798,"train",8400.0,"2021-12-09 09:22:23.569323","","","","","","",""
2.0,0.07724934816360474,0.0001787218471642081,"train",8600.0,"2021-12-09 09:22:50.660920","","","","","","",""
2.0,0.1064038798213005,0.00018414178414410932,"train",8800.0,"2021-12-09 09:23:16.743554","","","","","","",""
2.0,0.07716179639101028,0.00018967105151623071,"train",9000.0,"2021-12-09 09:23:44.657922","","","","","","",""
2.0,0.039865314960479736,0.00019530863474900243,"train",9200.0,"2021-12-09 09:24:11.927371","","","","","","",""
2.0,0.09804680943489075,0.0002010534994366397,"train",9400.0,"2021-12-09 09:24:39.857969","","","","","","",""
2.0,0.09742328524589539,0.0002069045914889359,"train",9600.0,"2021-12-09 09:25:07.224921","","","","","","",""
2.0,0.10003174096345901,0.00021286083732467362,"train",9800.0,"2021-12-09 09:25:34.030494","","","","","","",""
2.0,0.09233061969280243,0.00021892114406860791,"train",10000.0,"2021-12-09 09:26:01.396741","","","","","","",""
2.0,0.08454050123691559,0.00022508439975199254,"train",10200.0,"2021-12-09 09:26:29.117376","","","","","","",""
2.0,"","","val",10308.0,"2021-12-09 09:27:12.671766",0.44300127565812364,0.4088562292567652,0.9038151316773035,0.49349451689843976,0.3611884653079595,0.35244152712147625,0.22486752990646555
3.0,0.09975796192884445,0.0002313494735166077,"train",10400.0,"2021-12-09 09:27:27.087190","","","","","","",""
3.0,0.08831970393657684,0.00023771521582225492,"train",10600.0,"2021-12-09 09:27:54.225269","","","","","","",""
3.0,0.11941205710172653,0.0002441804586576779,"train",10800.0,"2021-12-09 09:28:21.851615","","","","","","",""
3.0,0.046231526881456375,0.00025074401575487485,"train",11000.0,"2021-12-09 09:28:48.521166","","","","","","",""
3.0,0.06457875669002533,0.00025740468280675984,"train",11200.0,"2021-12-09 09:29:15.366296","","","","","","",""
3.0,0.11678104102611542,0.0002641612376881326,"train",11400.0,"2021-12-09 09:29:42.675508","","","","","","",""
3.0,0.07845379412174225,0.0002710124406799198,"train",11600.0,"2021-12-09 09:30:09.899823","","","","","","",""
3.0,0.08989902585744858,0.00027795703469664303,"train",11800.0,"2021-12-09 09:30:37.200397","","","","","","",""
3.0,0.07250422984361649,0.0002849937455170744,"train",12000.0,"2021-12-09 09:31:04.208796","","","","","","",""
3.0,0.10250280797481537,0.0002921212820180348,"train",12200.0,"2021-12-09 09:31:31.760062","","","","","","",""
3.0,0.07155872136354446,0.0002993383364112941,"train",12400.0,"2021-12-09 09:31:59.282854","","","","","","",""
3.0,0.049103979021310806,0.0003066435844835309,"train",12600.0,"2021-12-09 09:32:26.688493","","","","","","",""
3.0,0.1326834112405777,0.00031403568583930207,"train",12800.0,"2021-12-09 09:32:54.064110","","","","","","",""
3.0,0.0647812932729721,0.0003215132841469857,"train",13000.0,"2021-12-09 09:33:21.930393","","","","","","",""
3.0,0.06386325508356094,0.0003290750073876448,"train",13200.0,"2021-12-09 09:33:49.917645","","","","","","",""
3.0,0.0888357162475586,0.0003367194681067711,"train",13400.0,"2021-12-09 09:34:18.270731","","","","","","",""
3.0,0.0788077712059021,0.00034444526366886135,"train",13600.0,"2021-12-09 09:34:46.217128","","","","","","",""
3.0,"","","val",13744.0,"2021-12-09 09:35:34.305407",0.47558854227067143,0.4417687061195036,0.9145759832275739,0.5186212412678206,0.3811667447807358,0.38030402221682763,0.23923646619638758
4.0,0.0943596363067627,0.0003522509765147767,"train",13800.0,"2021-12-09 09:35:44.151664","","","","","","",""
4.0,0.05138609930872917,0.00036013517442184386,"train",14000.0,"2021-12-09 09:36:12.071815","","","","","","",""
4.0,0.049810271710157394,0.0003680964107666436,"train",14200.0,"2021-12-09 09:36:40.158746","","","","","","",""
4.0,0.09468694031238556,0.0003761332247904437,"train",14400.0,"2021-12-09 09:37:07.616343","","","","","","",""
4.0,0.05855732038617134,0.0003842441418672241,"train",14600.0,"2021-12-09 09:37:35.582465","","","","","","",""
4.0,0.074256032705307,0.00039242767377424635,"train",14800.0,"2021-12-09 09:38:03.697972","","","","","","",""
4.0,0.06755951792001724,0.0004006823189651211,"train",15000.0,"2021-12-09 09:38:31.010481","","","","","","",""
4.0,0.13668087124824524,0.00040900656284531436,"train",15200.0,"2021-12-09 09:38:59.180931","","","","","","",""
4.0,0.05961306765675545,0.00041739887805005414,"train",15400.0,"2021-12-09 09:39:27.172472","","","","","","",""
4.0,0.11191387474536896,0.00042585772472457503,"train",15600.0,"2021-12-09 09:39:55.310650","","","","","","",""
4.0,0.08125340938568115,0.0004343815508066583,"train",15800.0,"2021-12-09 09:40:23.331313","","","","","","",""
4.0,0.11429154127836227,0.00044296879231140937,"train",16000.0,"2021-12-09 09:40:51.117338","","","","","","",""
4.0,0.07305975258350372,0.00045161787361822493,"train",16200.0,"2021-12-09 09:41:20.139471","","","","","","",""
4.0,0.07438207417726517,0.00046032720775989236,"train",16400.0,"2021-12-09 09:42:08.288147","","","","","","",""
4.0,0.08399064093828201,0.0004690951967137745,"train",16600.0,"2021-12-09 09:43:00.601262","","","","","","",""
4.0,0.10475818812847137,0.0004779202316950199,"train",16800.0,"2021-12-09 09:43:52.466022","","","","","","",""
4.0,0.07156536728143692,0.00048680069345174905,"train",17000.0,"2021-12-09 09:44:45.336850","","","","","","",""
4.0,"","","val",17180.0,"2021-12-09 09:46:18.927364",0.45639568595616375,0.4615182136752975,0.9206383294526337,0.48571158213788995,0.38470443964457746,0.384843399657802,0.23332884357690872
5.0,0.11396680027246475,0.0004957349525621616,"train",17200.0,"2021-12-09 09:46:28.766454","","","","","","",""
5.0,0.06731148064136505,0.000504721369733508,"train",17400.0,"2021-12-09 09:47:14.884208","","","","","","",""
5.0,0.06777676939964294,0.0005137582961028751,"train",17600.0,"2021-12-09 09:47:42.647784","","","","","","",""
5.0,0.09029701352119446,0.0005228440735397237,"train",17800.0,"2021-12-09 09:48:09.685324","","","","","","",""
5.0,0.08435751497745514,0.0005319770349501309,"train",18000.0,"2021-12-09 09:48:36.764418","","","","","","",""
5.0,0.10186830908060074,0.0005411555045826734,"train",18200.0,"2021-12-09 09:49:04.245007","","","","","","",""
5.0,0.09228136390447617,0.0005503777983359022,"train",18400.0,"2021-12-09 09:49:31.576218","","","","","","",""
5.0,0.07830715924501419,0.0005596422240673468,"train",18600.0,"2021-12-09 09:49:59.372685","","","","","","",""
5.0,0.07617387175559998,0.0005689470819039977,"train",18800.0,"2021-12-09 09:50:27.092274","","","","","","",""
5.0,0.06345467269420624,0.0005782906645542038,"train",19000.0,"2021-12-09 09:50:54.327231","","","","","","",""
5.0,0.06916873902082443,0.0005876712576209353,"train",19200.0,"2021-12-09 09:51:21.320399","","","","","","",""
5.0,0.06331560015678406,0.0005970871399163454,"train",19400.0,"2021-12-09 09:51:48.311000","","","","","","",""
5.0,0.07374150305986404,0.0006065365837775823,"train",19600.0,"2021-12-09 09:52:15.942099","","","","","","",""
5.0,0.062191955745220184,0.0006160178553837874,"train",19800.0,"2021-12-09 09:52:44.465585","","","","","","",""
5.0,0.06727945059537888,0.0006255292150742226,"train",20000.0,"2021-12-09 09:53:15.044791","","","","","","",""
5.0,0.06496972590684891,0.0006350689176674711,"train",20200.0,"2021-12-09 09:53:45.955486","","","","","","",""
5.0,0.05804292857646942,0.0006446352127816491,"train",20400.0,"2021-12-09 09:54:16.797994","","","","","","",""
5.0,0.11709598451852798,0.0006542263451555735,"train",20600.0,"2021-12-09 09:54:47.657731","","","","","","",""
5.0,"","","val",20616.0,"2021-12-09 09:55:23.450249",0.525745100313116,0.5029774207633875,0.9328412519822803,0.5429543463158462,0.42044406394955264,0.423332347628565,0.27058348198450155
6.0,0.09710811078548431,0.0006638405549708241,"train",20800.0,"2021-12-09 09:55:53.062365","","","","","","",""
6.0,0.0935199111700058,0.0006734760781746412,"train",21000.0,"2021-12-09 09:56:21.730526","","","","","","",""
6.0,0.05591742321848869,0.0006831311468036014,"train",21200.0,"2021-12-09 09:56:49.075703","","","","","","",""
6.0,0.0740208700299263,0.0006928039893080106,"train",21400.0,"2021-12-09 09:57:16.113459","","","","","","",""
6.0,0.09014008194208145,0.0007024928308769544,"train",21600.0,"2021-12-09 09:57:43.807400","","","","","","",""
6.0,0.10182955861091614,0.0007121958937639476,"train",21800.0,"2021-12-09 09:58:12.037394","","","","","","",""
6.0,0.07456763088703156,0.0007219113976131221,"train",22000.0,"2021-12-09 09:58:42.351191","","","","","","",""
6.0,0.09396132826805115,0.0007316375597858936,"train",22200.0,"2021-12-09 09:59:13.085802","","","","","","",""
6.0,0.07239840924739838,0.0007413725956880464,"train",22400.0,"2021-12-09 09:59:43.758386","","","","","","",""
6.0,0.05266615375876427,0.0007511147190971791,"train",22600.0,"2021-12-09 10:00:13.715437","","","","","","",""
6.0,0.11149250715970993,0.0007608621424904466,"train",22800.0,"2021-12-09 10:00:43.974921","","","","","","",""
6.0,0.10400031507015228,0.0007706130773725415,"train",23000.0,"2021-12-09 10:01:14.160252","","","","","","",""
6.0,0.13362202048301697,0.0007803657346038551,"train",23200.0,"2021-12-09 10:01:43.510814","","","","","","",""
6.0,0.07934777438640594,0.0007901183247287557,"train",23400.0,"2021-12-09 10:02:11.248893","","","","","","",""
6.0,0.07674026489257812,0.0007998690583039236,"train",23600.0,"2021-12-09 10:02:38.390582","","","","","","",""
6.0,0.04934088885784149,0.000809616146226687,"train",23800.0,"2021-12-09 10:03:06.594419","","","","","","",""
6.0,0.07987085729837418,0.0008193578000632926,"train",24000.0,"2021-12-09 10:03:34.972357","","","","","","",""
6.0,"","","val",24052.0,"2021-12-09 10:04:15.910290",0.5397773396729676,0.5201219603097074,0.937930050587737,0.5761818142523172,0.4404000562293638,0.44824698009446673,0.2894596206492391
7.0,0.0720730870962143,0.0008290922323770534,"train",24200.0,"2021-12-09 10:04:40.839697","","","","","","",""
7.0,0.07430904358625412,0.0008388176570563169,"train",24400.0,"2021-12-09 10:05:11.590747","","","","","","",""
7.0,0.06964600086212158,0.0008485322896421857,"train",24600.0,"2021-12-09 10:05:42.793367","","","","","","",""
7.0,0.07275113463401794,0.0008582343476559384,"train",24800.0,"2021-12-09 10:06:13.659021","","","","","","",""
7.0,0.06979218125343323,0.0008679220509260852,"train",25000.0,"2021-12-09 10:06:43.298022","","","","","","",""
7.0,0.06790497153997421,0.0008775936219149997,"train",25200.0,"2021-12-09 10:07:12.335059","","","","","","",""
7.0,0.08876213431358337,0.0008872472860450707,"train",25400.0,"2021-12-09 10:07:40.386705","","","","","","",""
7.0,0.08174248039722443,0.0008968812720243071,"train",25600.0,"2021-12-09 10:08:07.595207","","","","","","",""
7.0,0.08047712594270706,0.0009064938121713411,"train",25800.0,"2021-12-09 10:08:35.269037","","","","","","",""
7.0,0.07705120742321014,0.0009160831427397706,"train",26000.0,"2021-12-09 10:09:04.462422","","","","","","",""
7.0,0.11490640044212341,0.0009256475042417774,"train",26200.0,"2021-12-09 10:09:34.687606","","","","","","",""
7.0,0.06196542829275131,0.000935185141770965,"train",26400.0,"2021-12-09 10:10:05.043644","","","","","","",""
7.0,0.04888467118144035,0.0009446943053243561,"train",26600.0,"2021-12-09 10:10:35.582925","","","","","","",""
7.0,0.045231834053993225,0.0009541732501234892,"train",26800.0,"2021-12-09 10:11:05.840584","","","","","","",""
7.0,0.07785701751708984,0.0009636202369345582,"train",27000.0,"2021-12-09 10:11:35.911106","","","","","","",""
7.0,0.05669507384300232,0.0009730335323875339,"train",27200.0,"2021-12-09 10:12:05.836274","","","","","","",""
7.0,0.09266069531440735,0.0009824114092942078,"train",27400.0,"2021-12-09 10:12:35.017287","","","","","","",""
7.0,"","","val",27488.0,"2021-12-09 10:13:17.104781",0.5636669372608141,0.5431092563069133,0.940221613571148,0.5852124827934736,0.4654452474673426,0.47210702649718256,0.3016889379160164
8.0,0.06322573870420456,0.0009917521469651048,"train",27600.0,"2021-12-09 10:13:34.684596","","","","","","",""
8.0,0.08495577424764633,0.0010010540315252038,"train",27800.0,"2021-12-09 10:14:03.426409","","","","","","",""
8.0,0.06835772842168808,0.0010103153562284013,"train",28000.0,"2021-12-09 10:14:33.625674","","","","","","",""
8.0,0.05751993879675865,0.0010195344217706767,"train",28200.0,"2021-12-09 10:15:04.535450","","","","","","",""
8.0,0.0537995845079422,0.0010287095366018847,"train",28400.0,"2021-12-09 10:15:35.381168","","","","","","",""
8.0,0.060086511075496674,0.0010378390172361277,"train",28600.0,"2021-12-09 10:16:05.853407","","","","","","",""
8.0,0.056275565177202225,0.0010469211885606494,"train",28800.0,"2021-12-09 10:16:37.045703","","","","","","",""
8.0,0.08414896577596664,0.0010559543841431901,"train",29000.0,"2021-12-09 10:17:08.353895","","","","","","",""
8.0,0.047253984957933426,0.00106493694653775,"train",29200.0,"2021-12-09 10:17:38.368904","","","","","","",""
8.0,0.09138228744268417,0.0010738672275887055,"train",29400.0,"2021-12-09 10:18:07.118997","","","","","","",""
8.0,0.08884671330451965,0.0010827435887332169,"train",29600.0,"2021-12-09 10:18:35.331771","","","","","","",""
8.0,0.05788180232048035,0.0010915644013018803,"train",29800.0,"2021-12-09 10:19:03.202984","","","","","","",""
8.0,0.08504848182201385,0.001100328046817561,"train",30000.0,"2021-12-09 10:19:31.246970","","","","","","",""
8.0,0.10177444666624069,0.0011090329172923582,"train",30200.0,"2021-12-09 10:20:01.358155","","","","","","",""
8.0,0.06966318190097809,0.0011176774155226457,"train",30400.0,"2021-12-09 10:20:32.207143","","","","","","",""
8.0,0.05502673611044884,0.0011262599553821327,"train",30600.0,"2021-12-09 10:21:03.055953","","","","","","",""
8.0,0.06850241869688034,0.0011347789621128906,"train",30800.0,"2021-12-09 10:21:34.045975","","","","","","",""
8.0,"","","val",30924.0,"2021-12-09 10:22:26.477042",0.552939812130349,0.5493019588999726,0.9429070589126313,0.5895508028384019,0.473152570392748,0.476210839216975,0.30577661702341385
9.0,0.10532217472791672,0.0011432328726142993,"train",31000.0,"2021-12-09 10:22:40.732679","","","","","","",""
9.0,0.0702386423945427,0.0011516201357298478,"train",31200.0,"2021-12-09 10:23:10.344345","","","","","","",""
9.0,0.09784862399101257,0.0011599392125317483,"train",31400.0,"2021-12-09 10:23:38.734293","","","","","","",""
9.0,0.0683465525507927,0.0011681885766033043,"train",31600.0,"2021-12-09 10:24:06.364304","","","","","","",""
9.0,0.09527163207530975,0.001176366714318982,"train",31800.0,"2021-12-09 10:24:33.362597","","","","","","",""
9.0,0.053159769624471664,0.0011844721251221394,"train",32000.0,"2021-12-09 10:25:01.368095","","","","","","",""
9.0,0.07501237094402313,0.0011925033218003508,"train",32200.0,"2021-12-09 10:25:32.483654","","","","","","",""
9.0,0.06575938314199448,0.0012004588307582887,"train",32400.0,"2021-12-09 10:26:03.694762","","","","","","",""
9.0,0.054985299706459045,0.0012083371922881037,"train",32600.0,"2021-12-09 10:26:34.655740","","","","","","",""
9.0,0.03866962715983391,0.0012161369608372585,"train",32800.0,"2021-12-09 10:27:05.618789","","","","","","",""
9.0,0.10998815298080444,0.0012238567052737616,"train",33000.0,"2021-12-09 10:27:36.395900","","","","","","",""
9.0,0.07188669592142105,0.0012314950091487599,"train",33200.0,"2021-12-09 10:28:07.394015","","","","","","",""
9.0,0.06062961742281914,0.0012390504709564303,"train",33400.0,"2021-12-09 10:28:36.996508","","","","","","",""
9.0,0.08824920654296875,0.0012465217043911376,"train",33600.0,"2021-12-09 10:29:05.797667","","","","","","",""
9.0,0.050507817417383194,0.0012539073386017968,"train",33800.0,"2021-12-09 10:29:33.414875","","","","","","",""
9.0,0.051546692848205566,0.0012612060184434021,"train",34000.0,"2021-12-09 10:30:00.757144","","","","","","",""
9.0,0.07983739674091339,0.001268416404725676,"train",34200.0,"2021-12-09 10:30:29.223379","","","","","","",""
9.0,"","","val",34360.0,"2021-12-09 10:31:27.787147",0.5467354748927288,0.5710936224547246,0.944804076665792,0.6140378156301867,0.48638426334718277,0.4879847326084459,0.31500892875731706
10.0,0.046065445989370346,0.0012755371744587875,"train",34400.0,"2021-12-09 10:31:36.260971","","","","","","",""
10.0,0.08174875378608704,0.0012825670210960993,"train",34600.0,"2021-12-09 10:32:07.214766","","","","","","",""
10.0,0.05563519522547722,0.0012895046547739,"train",34800.0,"2021-12-09 10:32:38.176983","","","","","","",""
10.0,0.1131075769662857,0.0012963488025480715,"train",35000.0,"2021-12-09 10:33:09.070029","","","","","","",""
10.0,0.09530894458293915,0.0013030982086276546,"train",35200.0,"2021-12-09 10:33:39.470338","","","","","","",""
10.0,0.044815629720687866,0.0013097516346052655,"train",35400.0,"2021-12-09 10:34:08.615485","","","","","","",""
10.0,0.06718050688505173,0.0013163078596843249,"train",35600.0,"2021-12-09 10:34:36.565128","","","","","","",""
10.0,0.06951644271612167,0.001322765680903054,"train",35800.0,"2021-12-09 10:35:03.547383","","","","","","",""
10.0,0.08870482444763184,0.0013291239133551985,"train",36000.0,"2021-12-09 10:35:31.134088","","","","","","",""
10.0,0.08254145830869675,0.001335381390407439,"train",36200.0,"2021-12-09 10:35:59.003367","","","","","","",""
10.0,0.07715440541505814,0.0013415369639134518,"train",36400.0,"2021-12-09 10:36:29.767811","","","","","","",""
10.0,0.07437942177057266,0.0013475895044245728,"train",36600.0,"2021-12-09 10:37:00.374079","","","","","","",""
10.0,0.06830283999443054,0.0013535379013970344,"train",36800.0,"2021-12-09 10:37:30.679409","","","","","","",""
10.0,0.04442228749394417,0.001359381063395732,"train",37000.0,"2021-12-09 10:38:01.438733","","","","","","",""
10.0,0.07051875442266464,0.001365117918294485,"train",37200.0,"2021-12-09 10:38:32.180824","","","","","","",""
10.0,0.059768542647361755,0.001370747413472755,"train",37400.0,"2021-12-09 10:39:02.814411","","","","","","",""
10.0,0.08813542127609253,0.0013762685160087838,"train",37600.0,"2021-12-09 10:39:31.755030","","","","","","",""
10.0,"","","val",37796.0,"2021-12-09 10:40:29.994846",0.573524295488809,0.5736046608167411,0.9464550048760227,0.6375171926853699,0.5044051255175884,0.5116016626689521,0.33173941779796223
11.0,0.0540471151471138,0.0013816802128691185,"train",37800.0,"2021-12-09 10:40:33.094192","","","","","","",""
11.0,0.06546197831630707,0.001386981511094487,"train",38000.0,"2021-12-09 10:41:01.182125","","","","","","",""
11.0,0.11445686221122742,0.0013921714379819903,"train",38200.0,"2021-12-09 10:41:29.823399","","","","","","",""
11.0,0.0860966295003891,0.001397249041263576,"train",38400.0,"2021-12-09 10:42:00.766949","","","","","","",""
11.0,0.07819686084985733,0.0014022133892807672,"train",38600.0,"2021-12-09 10:42:31.288624","","","","","","",""
11.0,0.08241930603981018,0.001407063571155604,"train",38800.0,"2021-12-09 10:43:02.572691","","","","","","",""
11.0,0.04676487296819687,0.0014117986969577763,"train",39000.0,"2021-12-09 10:43:33.292593","","","","","","",""
11.0,0.07863558828830719,0.0014164178978679119,"train",39200.0,"2021-12-09 10:44:04.204928","","","","","","",""
11.0,0.060169022530317307,0.0014209203263369904,"train",39400.0,"2021-12-09 10:44:35.426822","","","","","","",""
11.0,0.08773829787969589,0.0014253051562418545,"train",39600.0,"2021-12-09 10:45:04.922640","","","","","","",""
11.0,0.04861005023121834,0.0014295715830367906,"train",39800.0,"2021-12-09 10:45:33.213483","","","","","","",""
11.0,0.04001970216631889,0.0014337188239011507,"train",40000.0,"2021-12-09 10:46:01.319188","","","","","","",""
11.0,0.05792530998587608,0.0014377461178829863,"train",40200.0,"2021-12-09 10:46:28.819886","","","","","","",""
11.0,0.07261773198843002,0.0014416527260386715,"train",40400.0,"2021-12-09 10:46:56.915912","","","","","","",""
11.0,0.08214540034532547,0.0014454379315684868,"train",40600.0,"2021-12-09 10:47:27.907878","","","","","","",""
11.0,0.08731437474489212,0.0014491010399481404,"train",40800.0,"2021-12-09 10:47:59.058219","","","","","","",""
11.0,0.07911253720521927,0.0014526413790562035,"train",41000.0,"2021-12-09 10:48:29.762837","","","","","","",""
11.0,0.055359892547130585,0.001456058299297431,"train",41200.0,"2021-12-09 10:49:00.928243","","","","","","",""
11.0,"","","val",41232.0,"2021-12-09 10:49:40.001998",0.5655804244462485,0.5828713813949933,0.947470914705295,0.6316745970387818,0.5208147440838985,0.5229334662300527,0.3429593996367267
12.0,0.06170034408569336,0.0014593511737219546,"train",41400.0,"2021-12-09 10:50:08.201504","","","","","","",""
12.0,0.060674238950014114,0.0014625193981403163,"train",41600.0,"2021-12-09 10:50:37.950904","","","","","","",""
12.0,0.059650830924510956,0.0014655623912343287,"train",41800.0,"2021-12-09 10:51:05.918012","","","","","","",""
12.0,0.053760480135679245,0.0014684795946637358,"train",42000.0,"2021-12-09 10:51:33.776152","","","","","","",""
12.0,0.06837602704763412,0.0014712704731686612,"train",42200.0,"2021-12-09 10:52:01.877377","","","","","","",""
12.0,0.04961943253874779,0.0014739345146678182,"train",42400.0,"2021-12-09 10:52:30.220641","","","","","","",""
12.0,0.10138925909996033,0.0014764712303524704,"train",42600.0,"2021-12-09 10:53:01.661652","","","","","","",""
12.0,0.06121813878417015,0.001478880154776118,"train",42800.0,"2021-12-09 10:53:32.625778","","","","","","",""
12.0,0.05915088579058647,0.001481160845939901,"train",43000.0,"2021-12-09 10:54:03.595244","","","","","","",""
12.0,0.07753081619739532,0.001483312885373699,"train",43200.0,"2021-12-09 10:54:34.519609","","","","","","",""
12.0,0.03698153421282768,0.001485335878212913,"train",43400.0,"2021-12-09 10:55:05.472896","","","","","","",""
12.0,0.04024771973490715,0.0014872294532709172,"train",43600.0,"2021-12-09 10:55:35.956988","","","","","","",""
12.0,0.07127854228019714,0.0014889932631071657,"train",43800.0,"2021-12-09 10:56:04.816106","","","","","","",""
12.0,0.047167740762233734,0.0014906269840909423,"train",44000.0,"2021-12-09 10:56:32.643513","","","","","","",""
12.0,0.08449362218379974,0.0014921303164607414,"train",44200.0,"2021-12-09 10:56:59.824047","","","","","","",""
12.0,0.05398665368556976,0.0014935029843792694,"train",44400.0,"2021-12-09 10:57:28.561221","","","","","","",""
12.0,0.07580249756574631,0.0014947447359840564,"train",44600.0,"2021-12-09 10:57:57.267080","","","","","","",""
12.0,"","","val",44668.0,"2021-12-09 10:58:41.683901",0.586048938884379,0.5971787273379618,0.9513846130023602,0.6395001841841096,0.5364216899373614,0.5453437950458825,0.35295478350384984
13.0,0.04700238257646561,0.0014958553434336692,"train",44800.0,"2021-12-09 10:59:04.654787","","","","","","",""
13.0,0.046566952019929886,0.0014968346029495159,"train",45000.0,"2021-12-09 10:59:35.556170","","","","","","",""
13.0,0.04056838899850845,0.0014976823348532365,"train",45200.0,"2021-12-09 11:00:06.654470","","","","","","",""
13.0,0.052567414939403534,0.0014983983835996713,"train",45400.0,"2021-12-09 11:00:37.664093","","","","","","",""
13.0,0.09261662513017654,0.0014989826178054002,"train",45600.0,"2021-12-09 11:01:07.724655","","","","","","",""
13.0,0.07983506470918655,0.0014994349302728494,"train",45800.0,"2021-12-09 11:01:36.644981","","","","","","",""
13.0,0.05424562469124794,0.0014997552380099615,"train",46000.0,"2021-12-09 11:02:04.402275","","","","","","",""
13.0,0.05270058289170265,0.0014999434822454219,"train",46200.0,"2021-12-09 11:02:31.504270","","","","","","",""
13.0,0.04614846780896187,0.0014999999289139522,"train",46400.0,"2021-12-09 11:02:59.859064","","","","","","",""
13.0,0.09958105534315109,0.0014999853958135665,"train",46600.0,"2021-12-09 11:03:29.046731","","","","","","",""
13.0,0.07520683109760284,0.0014999455882367054,"train",46800.0,"2021-12-09 11:03:59.890539","","","","","","",""
13.0,0.06557746231555939,0.0014998805075248874,"train",47000.0,"2021-12-09 11:04:30.737250","","","","","","",""
13.0,0.06984295696020126,0.001499790155871339,"train",47200.0,"2021-12-09 11:05:01.767334","","","","","","",""
13.0,0.03378660976886749,0.001499674536320919,"train",47400.0,"2021-12-09 11:05:32.533725","","","","","","",""
13.0,0.09868524968624115,0.0014995336527700175,"train",47600.0,"2021-12-09 11:06:03.493036","","","","","","",""
13.0,0.05828458443284035,0.0014993675099664225,"train",47800.0,"2021-12-09 11:06:33.678769","","","","","","",""
13.0,0.060695942491292953,0.0014991761135091629,"train",48000.0,"2021-12-09 11:07:03.095497","","","","","","",""
13.0,"","","val",48104.0,"2021-12-09 11:07:47.848734",0.5845413429200974,0.601699290270473,0.950226932792519,0.6533809139049542,0.5392228038526409,0.5455706245337948,0.3517041056015966
14.0,0.05376909673213959,0.001498959469848316,"train",48200.0,"2021-12-09 11:08:03.633149","","","","","","",""
14.0,0.07251498848199844,0.0014987175862847943,"train",48400.0,"2021-12-09 11:08:31.643593","","","","","","",""
14.0,0.0344785675406456,0.0014984504709700957,"train",48600.0,"2021-12-09 11:09:00.905869","","","","","","",""
14.0,0.039356812834739685,0.0014981581329060315,"train",48800.0,"2021-12-09 11:09:32.133746","","","","","","",""
14.0,0.05616317316889763,0.0014978405819444218,"train",49000.0,"2021-12-09 11:10:03.443706","","","","","","",""
14.0,0.028304150328040123,0.001497497828786763,"train",49200.0,"2021-12-09 11:10:34.423695","","","","","","",""
14.0,0.07554015517234802,0.0014971298849838688,"train",49400.0,"2021-12-09 11:11:05.702547","","","","","","",""
14.0,0.12722206115722656,0.0014967367629354794,"train",49600.0,"2021-12-09 11:11:36.593551","","","","","","",""
14.0,0.049558449536561966,0.0014963184758898442,"train",49800.0,"2021-12-09 11:12:06.422255","","","","","","",""
14.0,0.06953691691160202,0.001495875037943276,"train",50000.0,"2021-12-09 11:12:35.503781","","","","","","",""
14.0,0.05283831059932709,0.0014954064640396746,"train",50200.0,"2021-12-09 11:13:03.088424","","","","","","",""
14.0,0.0625053346157074,0.0014949127699700239,"train",50400.0,"2021-12-09 11:13:30.241366","","","","","","",""
14.0,0.07524001598358154,0.0014943939723718604,"train",50600.0,"2021-12-09 11:13:58.192874","","","","","","",""
14.0,0.07248224318027496,0.001493850088728711,"train",50800.0,"2021-12-09 11:14:27.837023","","","","","","",""
14.0,0.06657212972640991,0.001493281137369505,"train",51000.0,"2021-12-09 11:14:58.594350","","","","","","",""
14.0,0.02572905458509922,0.0014926871374679566,"train",51200.0,"2021-12-09 11:15:29.456019","","","","","","",""
14.0,0.05673426762223244,0.0014920681090419175,"train",51400.0,"2021-12-09 11:16:00.607220","","","","","","",""
14.0,"","","val",51540.0,"2021-12-09 11:16:56.275972",0.5893540531137655,0.6081179710557175,0.9550991560978273,0.6445161186610393,0.555580446750487,0.5664816417506041,0.3590441039693027
15.0,0.06382877379655838,0.0014914240729527032,"train",51600.0,"2021-12-09 11:17:08.283008","","","","","","",""
15.0,0.07728567719459534,0.0014907550509043897,"train",51800.0,"2021-12-09 11:17:38.626055","","","","","","",""
15.0,0.07564063370227814,0.001490061065443082,"train",52000.0,"2021-12-09 11:18:07.186544","","","","","","",""
15.0,0.09187090396881104,0.0014893421399561552,"train",52200.0,"2021-12-09 11:18:35.276007","","","","","","",""
15.0,0.08757615089416504,0.0014885982986714648,"train",52400.0,"2021-12-09 11:19:02.881941","","","","","","",""
15.0,0.04342411458492279,0.0014878295666565311,"train",52600.0,"2021-12-09 11:19:31.463870","","","","","","",""
15.0,0.046063121408224106,0.0014870359698176947,"train",52800.0,"2021-12-09 11:20:02.832438","","","","","","",""
15.0,0.05018900707364082,0.001486217534899243,"train",53000.0,"2021-12-09 11:20:34.155155","","","","","","",""
15.0,0.07101909816265106,0.0014853742894825085,"train",53200.0,"2021-12-09 11:21:05.108511","","","","","","",""
15.0,0.09801125526428223,0.0014845062619849403,"train",53400.0,"2021-12-09 11:21:36.325881","","","","","","",""
15.0,0.029882514849305153,0.0014836134816591459,"train",53600.0,"2021-12-09 11:22:07.422632","","","","","","",""
15.0,0.07122651487588882,0.0014826959785919052,"train",53800.0,"2021-12-09 11:22:38.550804","","","","","","",""
15.0,0.02559460699558258,0.0014817537837031568,"train",54000.0,"2021-12-09 11:23:07.829143","","","","","","",""
15.0,0.08062929660081863,0.0014807869287449564,"train",54200.0,"2021-12-09 11:23:36.273566","","","","","","",""
15.0,0.0547356903553009,0.0014797954463004054,"train",54400.0,"2021-12-09 11:24:03.775840","","","","","","",""
15.0,0.07045834511518478,0.0014787793697825546,"train",54600.0,"2021-12-09 11:24:31.737286","","","","","","",""
15.0,0.09300536662340164,0.0014777387334332776,"train",54800.0,"2021-12-09 11:24:59.759705","","","","","","",""
15.0,"","","val",54976.0,"2021-12-09 11:26:01.641813",0.5795546793459353,0.6137926516480667,0.9541438637041044,0.6594455810108419,0.5583038395425717,0.5618744636658825,0.3569599128104223
16.0,0.04032902419567108,0.0014766735723221157,"train",55000.0,"2021-12-09 11:26:07.991674","","","","","","",""
16.0,0.06502901017665863,0.0014755839223450974,"train",55200.0,"2021-12-09 11:26:39.670356","","","","","","",""
16.0,0.060003723949193954,0.0014744698202235282,"train",55400.0,"2021-12-09 11:27:11.150123","","","","","","",""
16.0,0.037851929664611816,0.0014733313035027533,"train",55600.0,"2021-12-09 11:27:42.497766","","","","","","",""
16.0,0.07300896942615509,0.0014721684105508922,"train",55800.0,"2021-12-09 11:28:13.266834","","","","","","",""
16.0,0.08605094254016876,0.0014709811805575452,"train",56000.0,"2021-12-09 11:28:42.673372","","","","","","",""
16.0,0.06958474218845367,0.001469769653532474,"train",56200.0,"2021-12-09 11:29:11.001670","","","","","","",""
16.0,0.07308894395828247,0.0014685338703042511,"train",56400.0,"2021-12-09 11:29:39.016454","","","","","","",""
16.0,0.0453343465924263,0.001467273872518887,"train",56600.0,"2021-12-09 11:30:07.578075","","","","","","",""
16.0,0.08273199200630188,0.001465989702638424,"train",56800.0,"2021-12-09 11:30:36.772390","","","","","","",""
16.0,0.08889491856098175,0.0014646814039395064,"train",57000.0,"2021-12-09 11:31:08.289023","","","","","","",""
16.0,0.04948210343718529,0.0014633490205119219,"train",57200.0,"2021-12-09 11:31:39.499938","","","","","","",""
16.0,0.09124540537595749,0.0014619925972571162,"train",57400.0,"2021-12-09 11:32:10.475279","","","","","","",""
16.0,0.07498352229595184,0.0014606121798866787,"train",57600.0,"2021-12-09 11:32:42.008614","","","","","","",""
16.0,0.09577088057994843,0.0014592078149208037,"train",57800.0,"2021-12-09 11:33:13.175774","","","","","","",""
16.0,0.11272168904542923,0.0014577795496867206,"train",58000.0,"2021-12-09 11:33:43.887214","","","","","","",""
16.0,0.0401228703558445,0.001456327432317101,"train",58200.0,"2021-12-09 11:34:13.007647","","","","","","",""
16.0,0.06228085979819298,0.001454851511748435,"train",58400.0,"2021-12-09 11:34:41.153769","","","","","","",""
16.0,"","","val",58412.0,"2021-12-09 11:35:13.300502",0.585701032123391,0.6116385717582904,0.954557733086841,0.6653614844978897,0.5713174568356202,0.5807092018883625,0.3713600292251486
17.0,0.05936883017420769,0.0014533518377193833,"train",58600.0,"2021-12-09 11:35:42.430541","","","","","","",""
17.0,0.04108261689543724,0.0014518284607690998,"train",58800.0,"2021-12-09 11:36:12.335083","","","","","","",""
17.0,0.07556944340467453,0.0014502814322355294,"train",59000.0,"2021-12-09 11:36:43.235533","","","","","","",""
17.0,0.0498015433549881,0.0014487108042536775,"train",59200.0,"2021-12-09 11:37:14.244750","","","","","","",""
17.0,0.05697985365986824,0.0014471166297538535,"train",59400.0,"2021-12-09 11:37:45.022620","","","","","","",""
17.0,0.056311484426259995,0.001445498962459886,"train",59600.0,"2021-12-09 11:38:15.904259","","","","","","",""
17.0,0.11288619786500931,0.0014438578568873133,"train",59800.0,"2021-12-09 11:38:46.967295","","","","","","",""
17.0,0.06833197921514511,0.0014421933683415459,"train",60000.0,"2021-12-09 11:39:16.625339","","","","","","",""
17.0,0.0864437147974968,0.0014405055529160024,"train",60200.0,"2021-12-09 11:39:44.853885","","","","","","",""
17.0,0.042287204414606094,0.0014387944674902195,"train",60400.0,"2021-12-09 11:40:12.973152","","","","","","",""
17.0,0.057507939636707306,0.001437060169727935,"train",60600.0,"2021-12-09 11:40:40.365840","","","","","","",""
17.0,0.0697113499045372,0.0014353027180751454,"train",60800.0,"2021-12-09 11:41:08.240519","","","","","","",""
17.0,0.08573750406503677,0.0014335221717581344,"train",61000.0,"2021-12-09 11:41:38.110893","","","","","","",""
17.0,0.06532002985477448,0.0014317185907814782,"train",61200.0,"2021-12-09 11:42:08.781392","","","","","","",""
17.0,0.038768842816352844,0.001429892035926024,"train",61400.0,"2021-12-09 11:42:39.456724","","","","","","",""
17.0,0.10044580698013306,0.0014280425687468396,"train",61600.0,"2021-12-09 11:43:10.035350","","","","","","",""
17.0,0.035155873745679855,0.0014261702515711416,"train",61800.0,"2021-12-09 11:43:40.645476","","","","","","",""
17.0,"","","val",61848.0,"2021-12-09 11:44:22.215091",0.604835903977734,0.6269429289115026,0.9571617336300562,0.6692159437825705,0.5679837894934081,0.5802377647891075,0.377229426787638
18.0,0.07236973196268082,0.0014242751474961926,"train",62000.0,"2021-12-09 11:44:46.636482","","","","","","",""
18.0,0.09046618640422821,0.001422357320387176,"train",62200.0,"2021-12-09 11:45:14.051194","","","","","","",""
18.0,0.05111110582947731,0.0014204168348750437,"train",62400.0,"2021-12-09 11:45:41.360533","","","","","","",""
18.0,0.029974153265357018,0.0014184537563543382,"train",62600.0,"2021-12-09 11:46:09.430165","","","","","","",""
18.0,0.08925068378448486,0.0014164681509809883,"train",62800.0,"2021-12-09 11:46:37.553086","","","","","","",""
18.0,0.09615933895111084,0.001414460085670079,"train",63000.0,"2021-12-09 11:47:08.299684","","","","","","",""
18.0,0.11671865731477737,0.0014124296280935986,"train",63200.0,"2021-12-09 11:47:39.703444","","","","","","",""
18.0,0.06570689380168915,0.001410376846678156,"train",63400.0,"2021-12-09 11:48:11.063511","","","","","","",""
18.0,0.0699181780219078,0.0014083018106026757,"train",63600.0,"2021-12-09 11:48:41.897992","","","","","","",""
18.0,0.05438626930117607,0.0014062045897960667,"train",63800.0,"2021-12-09 11:49:12.939246","","","","","","",""
18.0,0.06516721844673157,0.001404085254934865,"train",64000.0,"2021-12-09 11:49:44.065121","","","","","","",""
18.0,0.058711983263492584,0.0014019438774408523,"train",64200.0,"2021-12-09 11:50:13.750624","","","","","","",""
18.0,0.04487909749150276,0.00139978052947865,"train",64400.0,"2021-12-09 11:50:42.387396","","","","","","",""
18.0,0.10627614706754684,0.0013975952839532842,"train",64600.0,"2021-12-09 11:51:09.474559","","","","","","",""
18.0,0.08003135025501251,0.0013953882145077339,"train",64800.0,"2021-12-09 11:51:37.234454","","","","","","",""
18.0,0.11762674897909164,0.0013931593955204434,"train",65000.0,"2021-12-09 11:52:05.876621","","","","","","",""
18.0,0.06823950260877609,0.0013909089021028206,"train",65200.0,"2021-12-09 11:52:36.367784","","","","","","",""
18.0,"","","val",65284.0,"2021-12-09 11:53:23.063931",0.6047779195175693,0.6247765404117173,0.9547770189326351,0.6683067898370103,0.5759124110215247,0.5935530485214299,0.3739406059200749
19.0,0.0711684450507164,0.0013886368100967026,"train",65400.0,"2021-12-09 11:53:43.969519","","","","","","",""
19.0,0.04006977751851082,0.001386343196071801,"train",65600.0,"2021-12-09 11:54:15.135376","","","","","","",""
19.0,0.0846392959356308,0.0013840281373231223,"train",65800.0,"2021-12-09 11:54:46.388505","","","","","","",""
19.0,0.06670493632555008,0.0013816917118683611,"train",66000.0,"2021-12-09 11:55:17.273347","","","","","","",""
19.0,0.03163252770900726,0.001379333998445273,"train",66200.0,"2021-12-09 11:55:46.547699","","","","","","",""
19.0,0.06048393249511719,0.001376955076509019,"train",66400.0,"2021-12-09 11:56:14.107995","","","","","","",""
19.0,0.019590629264712334,0.00137455502622949,"train",66600.0,"2021-12-09 11:56:41.633276","","","","","","",""
19.0,0.040929388254880905,0.0013721339284886035,"train",66800.0,"2021-12-09 11:57:09.523802","","","","","","",""
19.0,0.057161785662174225,0.0013696918648775781,"train",67000.0,"2021-12-09 11:57:37.476515","","","","","","",""
19.0,0.07417138665914536,0.001367228917694185,"train",67200.0,"2021-12-09 11:58:08.335035","","","","","","",""
19.0,0.08428768068552017,0.0013647451699399734,"train",67400.0,"2021-12-09 11:58:38.980747","","","","","","",""
19.0,0.041064757853746414,0.001362240705317473,"train",67600.0,"2021-12-09 11:59:09.869544","","","","","","",""
19.0,0.06521293520927429,0.0013597156082273752,"train",67800.0,"2021-12-09 11:59:40.760824","","","","","","",""
19.0,0.07037584483623505,0.0013571699637656858,"train",68000.0,"2021-12-09 12:00:11.965576","","","","","","",""
19.0,0.050543155521154404,0.0013546038577208607,"train",68200.0,"2021-12-09 12:00:42.767280","","","","","","",""
19.0,0.04651205241680145,0.0013520173765709119,"train",68400.0,"2021-12-09 12:01:12.189737","","","","","","",""
19.0,0.06385739892721176,0.0013494106074804948,"train",68600.0,"2021-12-09 12:01:40.244685","","","","","","",""
19.0,"","","val",68720.0,"2021-12-09 12:02:26.558191",0.5939348254667749,0.6247605360045901,0.9560197231698453,0.6693420065878112,0.5744580266428816,0.5757944009574173,0.37237278355504844
20.0,0.06712538003921509,0.0013467836382979699,"train",68800.0,"2021-12-09 12:02:40.613425","","","","","","",""
20.0,0.05554213374853134,0.0013441365575524427,"train",69000.0,"2021-12-09 12:03:10.034560","","","","","","",""
20.0,0.06703939288854599,0.0013414694544507813,"train",69200.0,"2021-12-09 12:03:41.193717","","","","","","",""
20.0,0.0793079063296318,0.0013387824188746075,"train",69400.0,"2021-12-09 12:04:12.431032","","","","","","",""
20.0,0.0690535306930542,0.0013360755413772702,"train",69600.0,"2021-12-09 12:04:43.910895","","","","","","",""
20.0,0.03542138636112213,0.001333348913180793,"train",69800.0,"2021-12-09 12:05:15.617140","","","","","","",""
20.0,0.03717014938592911,0.0013306026261727993,"train",70000.0,"2021-12-09 12:05:47.164707","","","","","","",""
20.0,0.07014112174510956,0.0013278367729034168,"train",70200.0,"2021-12-09 12:06:17.916382","","","","","","",""
20.0,0.063615582883358,0.0013250514465821578,"train",70400.0,"2021-12-09 12:06:47.781008","","","","","","",""
20.0,0.06678861379623413,0.0013222467410747788,"train",70600.0,"2021-12-09 12:07:15.076367","","","","","","",""
20.0,0.03714708238840103,0.0013194227509001155,"train",70800.0,"2021-12-09 12:07:42.755130","","","","","","",""
20.0,0.029672516509890556,0.0013165795712268998,"train",71000.0,"2021-12-09 12:08:11.299685","","","","","","",""
20.0,0.05922967195510864,0.001313717297870551,"train",71200.0,"2021-12-09 12:08:39.811718","","","","","","",""
20.0,0.0877998098731041,0.001310836027289947,"train",71400.0,"2021-12-09 12:09:10.897092","","","","","","",""
20.0,0.06410383433103561,0.0013079358565841748,"train",71600.0,"2021-12-09 12:09:42.005493","","","","","","",""
20.0,0.049828220158815384,0.0013050168834892564,"train",71800.0,"2021-12-09 12:10:12.849077","","","","","","",""
20.0,0.0446825809776783,0.001302079206374857,"train",72000.0,"2021-12-09 12:10:43.950138","","","","","","",""
20.0,"","","val",72156.0,"2021-12-09 12:11:42.024302",0.6027484634118057,0.6247585343782495,0.9557098606850319,0.6685273209380089,0.5685902096057847,0.5816867468520311,0.3758243128006567
21.0,0.057709503918886185,0.001299122924240968,"train",72200.0,"2021-12-09 12:11:50.869796","","","","","","",""
21.0,0.08138598501682281,0.0012961481367145724,"train",72400.0,"2021-12-09 12:12:19.662434","","","","","","",""
21.0,0.071282759308815,0.0012931549440462868,"train",72600.0,"2021-12-09 12:12:46.515502","","","","","","",""
21.0,0.06279968470335007,0.001290143447106982,"train",72800.0,"2021-12-09 12:13:13.133756","","","","","","",""
21.0,0.06900028139352798,0.001287113747384385,"train",73000.0,"2021-12-09 12:13:41.609641","","","","","","",""
21.0,0.036425888538360596,0.0012840659469796581,"train",73200.0,"2021-12-09 12:14:11.226030","","","","","","",""
21.0,0.028727950528264046,0.0012810001486039584,"train",73400.0,"2021-12-09 12:14:42.156392","","","","","","",""
21.0,0.05567040666937828,0.0012779164555749764,"train",73600.0,"2021-12-09 12:15:13.020161","","","","","","",""
21.0,0.062117137014865875,0.0012748149718134537,"train",73800.0,"2021-12-09 12:15:43.795543","","","","","","",""
21.0,0.04229137673974037,0.0012716958018396817,"train",74000.0,"2021-12-09 12:16:14.729541","","","","","","",""
21.0,0.04622134938836098,0.0012685590507699781,"train",74200.0,"2021-12-09 12:16:45.495256","","","","","","",""
21.0,0.09198522567749023,0.001265404824313146,"train",74400.0,"2021-12-09 12:17:15.345419","","","","","","",""
21.0,0.06393646448850632,0.0012622332287669101,"train",74600.0,"2021-12-09 12:17:43.886325","","","","","","",""
21.0,0.08934124559164047,0.0012590443710143353,"train",74800.0,"2021-12-09 12:18:11.351437","","","","","","",""
21.0,0.052166879177093506,0.0012558383585202246,"train",75000.0,"2021-12-09 12:18:38.521182","","","","","","",""
21.0,0.08812863379716873,0.0012526152993274967,"train",75200.0,"2021-12-09 12:19:06.919170","","","","","","",""
21.0,0.09060277789831161,0.0012493753020535463,"train",75400.0,"2021-12-09 12:19:36.146476","","","","","","",""
21.0,"","","val",75592.0,"2021-12-09 12:20:39.370919",0.5939348254667749,0.6308003069165318,0.9586100570892413,0.6753977958701913,0.5911746346650297,0.5950562406291414,0.38674781100002203
22.0,0.06965561956167221,0.001246118475886583,"train",75600.0,"2021-12-09 12:20:42.925257","","","","","","",""
22.0,0.07057137042284012,0.001242844930581951,"train",75800.0,"2021-12-09 12:21:13.975283","","","","","","",""
22.0,0.04884633794426918,0.0012395547764584322,"train",76000.0,"2021-12-09 12:21:45.350376","","","","","","",""
22.0,0.07137737423181534,0.0012362481243945256,"train",76200.0,"2021-12-09 12:22:16.462716","","","","","","",""
22.0,0.04199255257844925,0.0012329250858247138,"train",76400.0,"2021-12-09 12:22:46.121297","","","","","","",""
22.0,0.05180102959275246,0.0012295857727357053,"train",76600.0,"2021-12-09 12:23:14.919126","","","","","","",""
22.0,0.09271741658449173,0.0012262302976626621,"train",76800.0,"2021-12-09 12:23:42.662557","","","","","","",""
22.0,0.05574771761894226,0.0012228587736854057,"train",77000.0,"2021-12-09 12:24:10.429878","","","","","","",""
22.0,0.05082683637738228,0.001219471314424608,"train",77200.0,"2021-12-09 12:24:38.497008","","","","","","",""
22.0,0.045046739280223846,0.0012160680340379609,"train",77400.0,"2021-12-09 12:25:09.291456","","","","","","",""
22.0,0.04596579819917679,0.0012126490472163301,"train",77600.0,"2021-12-09 12:25:39.841273","","","","","","",""
22.0,0.06516729295253754,0.001209214469179889,"train",77800.0,"2021-12-09 12:26:10.627229","","","","","","",""
22.0,0.07253212481737137,0.0012057644156742368,"train",78000.0,"2021-12-09 12:26:41.537515","","","","","","",""
22.0,0.06331516057252884,0.0012022990029664981,"train",78200.0,"2021-12-09 12:27:12.427957","","","","","","",""
22.0,0.05680176615715027,0.0011988183478414025,"train",78400.0,"2021-12-09 12:27:43.228903","","","","","","",""
22.0,0.0604839101433754,0.0011953225675973521,"train",78600.0,"2021-12-09 12:28:13.128449","","","","","","",""
22.0,0.06818320602178574,0.0011918117800424656,"train",78800.0,"2021-12-09 12:28:41.526117","","","","","","",""
22.0,0.0702754557132721,0.0011882861034906106,"train",79000.0,"2021-12-09 12:29:08.572607","","","","","","",""
22.0,"","","val",79028.0,"2021-12-09 12:29:42.031894",0.5978777687579728,0.6300077814317111,0.9593598583000866,0.6748684880803758,0.5908028260325691,0.5985942827912814,0.3873121953005334
23.0,0.06239820644259453,0.0011847456567574141,"train",79200.0,"2021-12-09 12:30:08.846929","","","","","","",""
23.0,0.08125201612710953,0.0011811905591562607,"train",79400.0,"2021-12-09 12:30:40.302480","","","","","","",""
23.0,0.049309972673654556,0.00117762093049427,"train",79600.0,"2021-12-09 12:31:11.774286","","","","","","",""
23.0,0.06065218150615692,0.0011740368910682598,"train",79800.0,"2021-12-09 12:31:43.007032","","","","","","",""
23.0,0.13088403642177582,0.001170438561660692,"train",80000.0,"2021-12-09 12:32:14.135015","","","","","","",""
23.0,0.07759315520524979,0.0011668260635356023,"train",80200.0,"2021-12-09 12:32:45.488216","","","","","","",""
23.0,0.021212546154856682,0.0011631995184345134,"train",80400.0,"2021-12-09 12:33:16.559902","","","","","","",""
23.0,0.05442265048623085,0.0011595590485723325,"train",80600.0,"2021-12-09 12:33:46.162505","","","","","","",""
23.0,0.059370674192905426,0.001155904776633232,"train",80800.0,"2021-12-09 12:34:14.028188","","","","","","",""
23.0,0.04192240908741951,0.0011522368257665166,"train",81000.0,"2021-12-09 12:34:41.724964","","","","","","",""
23.0,0.10376374423503876,0.0011485553195824713,"train",81200.0,"2021-12-09 12:35:09.895121","","","","","","",""
23.0,0.051251497119665146,0.0011448603821481971,"train",81400.0,"2021-12-09 12:35:38.947369","","","","","","",""
23.0,0.06507959961891174,0.0011411521379834288,"train",81600.0,"2021-12-09 12:36:09.669623","","","","","","",""
23.0,0.034531719982624054,0.0011374307120563397,"train",81800.0,"2021-12-09 12:36:40.940674","","","","","","",""
23.0,0.0520523302257061,0.0011336962297793293,"train",82000.0,"2021-12-09 12:37:12.019973","","","","","","",""
23.0,0.0586540512740612,0.001129948817004798,"train",82200.0,"2021-12-09 12:37:43.293577","","","","","","",""
23.0,0.051161739975214005,0.0011261886000209045,"train",82400.0,"2021-12-09 12:38:14.308535","","","","","","",""
23.0,"","","val",82464.0,"2021-12-09 12:38:57.920924",0.594282732227763,0.6378392668872919,0.9591114904440305,0.6770413891839288,0.5850840050082418,0.5917797946942925,0.38388519725874376
24.0,0.04451041668653488,0.001122415705547311,"train",82600.0,"2021-12-09 12:39:19.898873","","","","","","",""
24.0,0.048269059509038925,0.001118630260730912,"train",82800.0,"2021-12-09 12:39:47.386322","","","","","","",""
24.0,0.061861082911491394,0.0011148323931415495,"train",83000.0,"2021-12-09 12:40:15.470737","","","","","","",""
24.0,0.038407713174819946,0.0011110222307677148,"train",83200.0,"2021-12-09 12:40:43.796944","","","","","","",""
24.0,0.021500401198863983,0.001107199902012234,"train",83400.0,"2021-12-09 12:41:13.737432","","","","","","",""
24.0,0.07477635145187378,0.0011033655356879417,"train",83600.0,"2021-12-09 12:41:44.766304","","","","","","",""
24.0,0.028811413794755936,0.0010995192610133394,"train",83800.0,"2021-12-09 12:42:15.653069","","","","","","",""
24.0,0.07873178273439407,0.0010956612076082413,"train",84000.0,"2021-12-09 12:42:46.608765","","","","","","",""
24.0,0.03663995489478111,0.0010917915054894061,"train",84200.0,"2021-12-09 12:43:17.350281","","","","","","",""
24.0,0.06356057524681091,0.001087910285066155,"train",84400.0,"2021-12-09 12:43:48.357592","","","","","","",""
24.0,0.056450534611940384,0.0010840176771359767,"train",84600.0,"2021-12-09 12:44:18.435247","","","","","","",""
24.0,0.06520144641399384,0.0010801138128801208,"train",84800.0,"2021-12-09 12:44:47.705415","","","","","","",""
24.0,0.053561776876449585,0.0010761988238591758,"train",85000.0,"2021-12-09 12:45:15.047310","","","","","","",""
24.0,0.04124406725168228,0.0010722728420086355,"train",85200.0,"2021-12-09 12:45:42.632692","","","","","","",""
24.0,0.04769755154848099,0.0010683359996344535,"train",85400.0,"2021-12-09 12:46:10.934159","","","","","","",""
24.0,0.05194580927491188,0.0010643884294085839,"train",85600.0,"2021-12-09 12:46:40.790046","","","","","","",""
24.0,0.10011667013168335,0.0010604302643645101,"train",85800.0,"2021-12-09 12:47:11.538172","","","","","","",""
24.0,"","","val",85900.0,"2021-12-09 12:48:00.720747",0.6082569871274498,0.6399823609000419,0.9590234596170325,0.6768540010714594,0.5917458393776751,0.6059267651930486,0.39303146144467455
25.0,0.05924000218510628,0.0010564616378927621,"train",86000.0,"2021-12-09 12:48:19.150377","","","","","","",""
25.0,0.06441390514373779,0.0010524826837364216,"train",86200.0,"2021-12-09 12:48:50.378106","","","","","","",""
25.0,0.0498422272503376,0.0010484935359866131,"train",86400.0,"2021-12-09 12:49:21.313655","","","","","","",""
25.0,0.08612743020057678,0.0010444943290779868,"train",86600.0,"2021-12-09 12:49:50.918299","","","","","","",""
25.0,0.03476869314908981,0.0010404851977841875,"train",86800.0,"2021-12-09 12:50:19.261098","","","","","","",""
25.0,0.08720272779464722,0.0010364662772133126,"train",87000.0,"2021-12-09 12:50:46.625412","","","","","","",""
25.0,0.05626504868268967,0.0010324377028033591,"train",87200.0,"2021-12-09 12:51:13.447123","","","","","","",""
25.0,0.05743309110403061,0.0010283996103176588,"train",87400.0,"2021-12-09 12:51:41.834472","","","","","","",""
25.0,0.076209656894207,0.0010243521358403044,"train",87600.0,"2021-12-09 12:52:12.375361","","","","","","",""
25.0,0.08244071155786514,0.0010202954157715618,"train",87800.0,"2021-12-09 12:52:43.195032","","","","","","",""
25.0,0.050722330808639526,0.0010162295868232747,"train",88000.0,"2021-12-09 12:53:14.089144","","","","","","",""
25.0,0.059301089495420456,0.0010121547860142569,"train",88200.0,"2021-12-09 12:53:44.943053","","","","","","",""
25.0,0.06736873090267181,0.0010080711506656743,"train",88400.0,"2021-12-09 12:54:15.629285","","","","","","",""
25.0,0.03781171143054962,0.001003978818396418,"train",88600.0,"2021-12-09 12:54:46.228313","","","","","","",""
25.0,0.045979421585798264,0.000999877927118466,"train",88800.0,"2021-12-09 12:55:16.041393","","","","","","",""
25.0,0.06000777333974838,0.0009957686150322352,"train",89000.0,"2021-12-09 12:55:44.990408","","","","","","",""
25.0,0.03785384073853493,0.000991651020621926,"train",89200.0,"2021-12-09 12:56:12.747267","","","","","","",""
25.0,"","","val",89336.0,"2021-12-09 12:57:02.707468",0.6080250492867911,0.6428624240275392,0.9585165744461521,0.6888705085594639,0.596466947156472,0.6117798043794834,0.39469907392366355
26.0,0.03727090358734131,0.0009875252826508519,"train",89400.0,"2021-12-09 12:57:14.636824","","","","","","",""
26.0,0.05648243799805641,0.0009833915401567664,"train",89600.0,"2021-12-09 12:57:45.862146","","","","","","",""
26.0,0.050550222396850586,0.0009792499324471767,"train",89800.0,"2021-12-09 12:58:17.263190","","","","","","",""
26.0,0.05769925191998482,0.0009751005990946466,"train",90000.0,"2021-12-09 12:58:48.293015","","","","","","",""
26.0,0.041617512702941895,0.0009709436799320967,"train",90200.0,"2021-12-09 12:59:20.095860","","","","","","",""
26.0,0.04342358559370041,0.000966779315048089,"train",90400.0,"2021-12-09 12:59:51.631033","","","","","","",""
26.0,0.04710868000984192,0.0009626076447821072,"train",90600.0,"2021-12-09 13:00:22.503509","","","","","","",""
26.0,0.044364262372255325,0.0009584288097198277,"train",90800.0,"2021-12-09 13:00:51.891057","","","","","","",""
26.0,0.035642266273498535,0.00095424295068838,"train",91000.0,"2021-12-09 13:01:20.261191","","","","","","",""
26.0,0.03361991047859192,0.0009500502087516028,"train",91200.0,"2021-12-09 13:01:47.731565","","","","","","",""
26.0,0.1036330908536911,0.0009458507252052896,"train",91400.0,"2021-12-09 13:02:16.201403","","","","","","",""
26.0,0.0695984959602356,0.0009416446415724261,"train",91600.0,"2021-12-09 13:02:45.269850","","","","","","",""
26.0,0.09234071522951126,0.0009374320995984222,"train",91800.0,"2021-12-09 13:03:16.210964","","","","","","",""
26.0,0.030132213607430458,0.0009332132412463336,"train",92000.0,"2021-12-09 13:03:46.842222","","","","","","",""
26.0,0.04993797466158867,0.0009289882086920792,"train",92200.0,"2021-12-09 13:04:17.838056","","","","","","",""
26.0,0.0724521204829216,0.0009247571443196491,"train",92400.0,"2021-12-09 13:04:48.397913","","","","","","",""
26.0,0.045148275792598724,0.0009205201907163059,"train",92600.0,"2021-12-09 13:05:19.312080","","","","","","",""
26.0,"","","val",92772.0,"2021-12-09 13:06:24.611187",0.5947466079090804,0.64256934722809,0.9585471486987297,0.6952011316484237,0.6117213030877366,0.6180074867853609,0.39812293538424376
27.0,0.03698139637708664,0.0009162774906677803,"train",92800.0,"2021-12-09 13:06:31.076811","","","","","","",""
27.0,0.0412873774766922,0.0009120291871534582,"train",93000.0,"2021-12-09 13:06:58.736728","","","","","","",""
27.0,0.04497452452778816,0.0009077754233415631,"train",93200.0,"2021-12-09 13:07:26.412409","","","","","","",""
27.0,0.04408695176243782,0.0009035163425843311,"train",93400.0,"2021-12-09 13:07:55.203967","","","","","","",""
27.0,0.0616169199347496,0.0008992520884131795,"train",93600.0,"2021-12-09 13:08:25.996156","","","","","","",""
27.0,0.050533004105091095,0.0008949828045338705,"train",93800.0,"2021-12-09 13:08:57.206138","","","","","","",""
27.0,0.06188332661986351,0.0008907086348216679,"train",94000.0,"2021-12-09 13:09:28.756943","","","","","","",""
27.0,0.05176304653286934,0.0008864297233164884,"train",94200.0,"2021-12-09 13:10:00.089651","","","","","","",""
27.0,0.06773018836975098,0.0008821462142180475,"train",94400.0,"2021-12-09 13:10:31.578086","","","","","","",""
27.0,0.037553027272224426,0.0008778582518810001,"train",94600.0,"2021-12-09 13:11:03.031723","","","","","","",""
27.0,0.02281421422958374,0.0008735659808100759,"train",94800.0,"2021-12-09 13:11:33.272760","","","","","","",""
27.0,0.057165440171957016,0.0008692695456552092,"train",95000.0,"2021-12-09 13:12:02.497667","","","","","","",""
27.0,0.06052593141794205,0.0008649690912066636,"train",95200.0,"2021-12-09 13:12:30.499317","","","","","","",""
27.0,0.05155527591705322,0.0008606647623901544,"train",95400.0,"2021-12-09 13:12:58.742135","","","","","","",""
27.0,0.10503838956356049,0.0008563567042619627,"train",95600.0,"2021-12-09 13:13:27.737415","","","","","","",""
27.0,0.04332683980464935,0.0008520450620040482,"train",95800.0,"2021-12-09 13:13:58.707716","","","","","","",""
27.0,0.06377990543842316,0.0008477299809191562,"train",96000.0,"2021-12-09 13:14:29.981570","","","","","","",""
27.0,0.07578451186418533,0.0008434116064259195,"train",96200.0,"2021-12-09 13:15:01.150597","","","","","","",""
27.0,"","","val",96208.0,"2021-12-09 13:15:36.624410",0.6068653600834977,0.6478594928104819,0.9607747681959192,0.7021917320114676,0.61440250595729,0.6242283789228331,0.4064676044885334
28.0,0.0428614467382431,0.000839090084053961,"train",96400.0,"2021-12-09 13:16:09.181161","","","","","","",""
28.0,0.06455826014280319,0.0008347655594389862,"train",96600.0,"2021-12-09 13:16:40.023164","","","","","","",""
28.0,0.05082366615533829,0.0008304381783178766,"train",96800.0,"2021-12-09 13:17:09.620935","","","","","","",""
28.0,0.07885071635246277,0.0008261080865237786,"train",97000.0,"2021-12-09 13:17:37.827236","","","","","","",""
28.0,0.04124942794442177,0.0008217754299811882,"train",97200.0,"2021-12-09 13:18:06.278589","","","","","","",""
28.0,0.06874093413352966,0.0008174403547010335,"train",97400.0,"2021-12-09 13:18:35.166846","","","","","","",""
28.0,0.06566087156534195,0.000813103006775755,"train",97600.0,"2021-12-09 13:19:04.719891","","","","","","",""
28.0,0.039532843977212906,0.0008087635323743806,"train",97800.0,"2021-12-09 13:19:35.652824","","","","","","",""
28.0,0.021327601745724678,0.0008044220777376015,"train",98000.0,"2021-12-09 13:20:06.648261","","","","","","",""
28.0,0.05559876561164856,0.0008000787891728425,"train",98200.0,"2021-12-09 13:20:37.607246","","","","","","",""
28.0,0.047990068793296814,0.000795733813049332,"train",98400.0,"2021-12-09 13:21:08.651225","","","","","","",""
28.0,0.045352838933467865,0.0007913872957931695,"train",98600.0,"2021-12-09 13:21:39.511375","","","","","","",""
28.0,0.03371911868453026,0.0007870393838823907,"train",98800.0,"2021-12-09 13:22:09.912643","","","","","","",""
28.0,0.04071967676281929,0.0007826902238420313,"train",99000.0,"2021-12-09 13:22:39.455544","","","","","","",""
28.0,0.043007608503103256,0.0007783399622391892,"train",99200.0,"2021-12-09 13:23:07.816642","","","","","","",""
28.0,0.054033953696489334,0.0007739887456780845,"train",99400.0,"2021-12-09 13:23:35.714453","","","","","","",""
28.0,0.03530079126358032,0.0007696367207951202,"train",99600.0,"2021-12-09 13:24:03.930829","","","","","","",""
28.0,"","","val",99644.0,"2021-12-09 13:24:42.049565",0.6066914067030036,0.6501409418998083,0.9614364534255746,0.7006465798850294,0.6136864599729418,0.6207852120299352,0.40140647786809713
29.0,0.025464709848165512,0.0007652840342539393,"train",99800.0,"2021-12-09 13:25:08.624834","","","","","","",""
29.0,0.06311593949794769,0.0007609308327404832,"train",100000.0,"2021-12-09 13:25:40.261911","","","","","","",""
29.0,0.048291780054569244,0.000756577262958048,"train",100200.0,"2021-12-09 13:26:11.354227","","","","","","",""
29.0,0.03666432201862335,0.0007522234716223395,"train",100400.0,"2021-12-09 13:26:42.362590","","","","","","",""
29.0,0.03658851236104965,0.0007478696054565308,"train",100600.0,"2021-12-09 13:27:13.752231","","","","","","",""
29.0,0.06203160807490349,0.0007435158111863167,"train",100800.0,"2021-12-09 13:27:43.773168","","","","","","",""
29.0,0.11074570566415787,0.0007391622355349689,"train",101000.0,"2021-12-09 13:28:13.074622","","","","","","",""
29.0,0.0590345673263073,0.0007348090252183915,"train",101200.0,"2021-12-09 13:28:41.638432","","","","","","",""
29.0,0.04143118858337402,0.0007304563269401771,"train",101400.0,"2021-12-09 13:29:09.648686","","","","","","",""
29.0,0.055052757263183594,0.0007261042873866622,"train",101600.0,"2021-12-09 13:29:38.194979","","","","","","",""
29.0,0.04871860891580582,0.0007217530532219848,"train",101800.0,"2021-12-09 13:30:08.926014","","","","","","",""
29.0,0.09369267523288727,0.0007174027710831405,"train",102000.0,"2021-12-09 13:30:40.263027","","","","","","",""
29.0,0.040409695357084274,0.000713053587575042,"train",102200.0,"2021-12-09 13:31:11.257304","","","","","","",""
29.0,0.040251195430755615,0.0007087056492655779,"train",102400.0,"2021-12-09 13:31:42.424474","","","","","","",""
29.0,0.04547673091292381,0.0007043591026806736,"train",102600.0,"2021-12-09 13:32:13.251801","","","","","","",""
29.0,0.03864339366555214,0.0007000140942993533,"train",102800.0,"2021-12-09 13:32:44.313626","","","","","","",""
29.0,0.0706818625330925,0.0006956707705488032,"train",103000.0,"2021-12-09 13:33:13.779843","","","","","","",""
29.0,"","","val",103080.0,"2021-12-09 13:33:56.406210",0.6179403919749508,0.6517587596842312,0.9606785428024585,0.6975568754601494,0.6230762959274714,0.6288097380514479,0.4117328098950895
30.0,0.04397432878613472,0.0006913292777994376,"train",103200.0,"2021-12-09 13:34:16.023068","","","","","","",""
30.0,0.04347749054431915,0.0006869897623599659,"train",103400.0,"2021-12-09 13:34:44.899754","","","","","","",""
30.0,0.04649454355239868,0.0006826523704724619,"train",103600.0,"2021-12-09 13:35:13.684022","","","","","","",""
30.0,0.039652906358242035,0.0006783172483074357,"train",103800.0,"2021-12-09 13:35:45.334224","","","","","","",""
30.0,0.028307834640145302,0.0006739845419589072,"train",104000.0,"2021-12-09 13:36:16.841837","","","","","","",""
30.0,0.0609716959297657,0.000669654397439483,"train",104200.0,"2021-12-09 13:36:48.109975","","","","","","",""
30.0,0.043579213321208954,0.0006653269606754365,"train",104400.0,"2021-12-09 13:37:19.190653","","","","","","",""
30.0,0.02753601223230362,0.0006610023775017883,"train",104600.0,"2021-12-09 13:37:50.515342","","","","","","",""
30.0,0.0693085566163063,0.0006566807936573947,"train",104800.0,"2021-12-09 13:38:21.482773","","","","","","",""
30.0,0.06266871094703674,0.000652362354780032,"train",105000.0,"2021-12-09 13:38:51.212539","","","","","","",""
30.0,0.040640491992235184,0.0006480472064014922,"train",105200.0,"2021-12-09 13:39:19.412011","","","","","","",""
30.0,0.03518027067184448,0.0006437354939426771,"train",105400.0,"2021-12-09 13:39:47.488652","","","","","","",""
30.0,0.06537757068872452,0.0006394273627086971,"train",105600.0,"2021-12-09 13:40:16.014019","","","","","","",""
30.0,0.055806949734687805,0.0006351229578839761,"train",105800.0,"2021-12-09 13:40:45.637933","","","","","","",""
30.0,0.06266754120588303,0.0006308224245273563,"train",106000.0,"2021-12-09 13:41:16.781369","","","","","","",""
30.0,0.054764583706855774,0.0006265259075672116,"train",106200.0,"2021-12-09 13:41:47.907641","","","","","","",""
30.0,0.03348585218191147,0.0006222335517965637,"train",106400.0,"2021-12-09 13:42:19.145854","","","","","","",""
30.0,"","","val",106516.0,"2021-12-09 13:43:11.019169",0.6094166763307434,0.6529376319925816,0.9612189218423951,0.6984980078051103,0.6205202387393697,0.6305023564902406,0.4088359924658045
31.0,0.020827285945415497,0.0006179455018682005,"train",106600.0,"2021-12-09 13:43:26.798209","","","","","","",""
31.0,0.035273317247629166,0.000613661902289804,"train",106800.0,"2021-12-09 13:43:57.320511","","","","","","",""
31.0,0.04441305249929428,0.0006093828974190777,"train",107000.0,"2021-12-09 13:44:26.856912","","","","","","",""
31.0,0.0301368348300457,0.0006051086314588838,"train",107200.0,"2021-12-09 13:44:55.423625","","","","","","",""
31.0,0.03593093529343605,0.0006008392484523831,"train",107400.0,"2021-12-09 13:45:23.897974","","","","","","",""
31.0,0.06601011008024216,0.0005965748922781789,"train",107600.0,"2021-12-09 13:45:52.666079","","","","","","",""
31.0,0.06043894961476326,0.0005923157066454716,"train",107800.0,"2021-12-09 13:46:23.979739","","","","","","",""
31.0,0.03936081752181053,0.0005880618350892127,"train",108000.0,"2021-12-09 13:46:55.384551","","","","","","",""
31.0,0.07786203920841217,0.0005838134209652695,"train",108200.0,"2021-12-09 13:47:27.015050","","","","","","",""
31.0,0.07793757319450378,0.000579570607445593,"train",108400.0,"2021-12-09 13:47:58.394562","","","","","","",""
31.0,0.02884889394044876,0.0005753335375133927,"train",108600.0,"2021-12-09 13:48:29.755278","","","","","","",""
31.0,0.03405385464429855,0.00057110235395832,"train",108800.0,"2021-12-09 13:49:01.570940","","","","","","",""
31.0,0.028550392016768456,0.0005668771993716538,"train",109000.0,"2021-12-09 13:49:31.269287","","","","","","",""
31.0,0.09206974506378174,0.0005626582161414966,"train",109200.0,"2021-12-09 13:50:00.526036","","","","","","",""
31.0,0.08507075160741806,0.0005584455464479758,"train",109400.0,"2021-12-09 13:50:28.392664","","","","","","",""
31.0,0.029934383928775787,0.0005542393322584513,"train",109600.0,"2021-12-09 13:50:56.744688","","","","","","",""
31.0,0.04077798128128052,0.0005500397153227329,"train",109800.0,"2021-12-09 13:51:25.684186","","","","","","",""
31.0,"","","val",109952.0,"2021-12-09 13:52:23.549408",0.6211295372840079,0.6557709644544835,0.9595899256722807,0.6981144272125248,0.6291596828595805,0.6366735257780743,0.41495813560640177
32.0,0.06607197970151901,0.0005458468371683014,"train",110000.0,"2021-12-09 13:52:33.710286","","","","","","",""
32.0,0.032144129276275635,0.000541660839095541,"train",110200.0,"2021-12-09 13:53:04.949427","","","","","","",""
32.0,0.09500505030155182,0.0005374818621729754,"train",110400.0,"2021-12-09 13:53:35.768632","","","","","","",""
32.0,0.025533443316817284,0.0005333100472325158,"train",110600.0,"2021-12-09 13:54:07.138230","","","","","","",""
32.0,0.08998728543519974,0.0005291455348647136,"train",110800.0,"2021-12-09 13:54:37.742361","","","","","","",""
32.0,0.041358333081007004,0.0005249884654140226,"train",111000.0,"2021-12-09 13:55:07.285731","","","","","","",""
32.0,0.05453437566757202,0.0005208389789740702,"train",111200.0,"2021-12-09 13:55:35.201413","","","","","","",""
32.0,0.07244183123111725,0.0005166972153829351,"train",111400.0,"2021-12-09 13:56:03.409622","","","","","","",""
32.0,0.06387117505073547,0.0005125633142184352,"train",111600.0,"2021-12-09 13:56:32.115980","","","","","","",""
32.0,0.07391715794801712,0.0005084374147934246,"train",111800.0,"2021-12-09 13:57:02.312291","","","","","","",""
32.0,0.030571190640330315,0.000504319656151097,"train",112000.0,"2021-12-09 13:57:33.332877","","","","","","",""
32.0,0.044278863817453384,0.0005002101770603021,"train",112200.0,"2021-12-09 13:58:03.927368","","","","","","",""
32.0,0.04280370473861694,0.0004961091160108673,"train",112400.0,"2021-12-09 13:58:34.705767","","","","","","",""
32.0,0.030968772247433662,0.0004920166112089306,"train",112600.0,"2021-12-09 13:59:05.647200","","","","","","",""
32.0,0.03466902673244476,0.0004879328005722852,"train",112800.0,"2021-12-09 13:59:36.498789","","","","","","",""
32.0,0.04325618967413902,0.00048385782172572894,"train",113000.0,"2021-12-09 14:00:06.604414","","","","","","",""
32.0,0.026728861033916473,0.000479791811996428,"train",113200.0,"2021-12-09 14:00:35.799962","","","","","","",""
32.0,"","","val",113388.0,"2021-12-09 14:01:31.366372",0.6035022613939465,0.6561956180225509,0.9598924427563661,0.6970501621759585,0.6352390532536598,0.6357928834302146,0.4132188906869431
33.0,0.056392934173345566,0.0004757349084092881,"train",113400.0,"2021-12-09 14:01:35.629405","","","","","","",""
33.0,0.11062348634004593,0.0004716872476823375,"train",113600.0,"2021-12-09 14:02:04.696651","","","","","","",""
33.0,0.07881272584199905,0.00046764896622211906,"train",113800.0,"2021-12-09 14:02:35.796048","","","","","","",""
33.0,0.03895317390561104,0.00046362020011909337,"train",114000.0,"2021-12-09 14:03:07.286224","","","","","","",""
33.0,0.04474945738911629,0.000459601085143053,"train",114200.0,"2021-12-09 14:03:38.403005","","","","","","",""
33.0,0.06617540121078491,0.0004555917567385462,"train",114400.0,"2021-12-09 14:04:09.250304","","","","","","",""
33.0,0.017730334773659706,0.00045159235002031276,"train",114600.0,"2021-12-09 14:04:40.623587","","","","","","",""
33.0,0.033870816230773926,0.0004476029997687314,"train",114800.0,"2021-12-09 14:05:11.839640","","","","","","",""
33.0,0.05776207521557808,0.0004436238404252762,"train",115000.0,"2021-12-09 14:05:41.557935","","","","","","",""
33.0,0.09755714237689972,0.0004396550060879873,"train",115200.0,"2021-12-09 14:06:10.299044","","","","","","",""
33.0,0.04194111377000809,0.00043569663050695097,"train",115400.0,"2021-12-09 14:06:38.200303","","","","","","",""
33.0,0.062009431421756744,0.0004317488470797917,"train",115600.0,"2021-12-09 14:07:07.180004","","","","","","",""
33.0,0.024991633370518684,0.0004278117888471788,"train",115800.0,"2021-12-09 14:07:36.282951","","","","","","",""
33.0,0.06491048634052277,0.0004238855884883403,"train",116000.0,"2021-12-09 14:08:07.333163","","","","","","",""
33.0,0.03962085396051407,0.00041997037831659385,"train",116200.0,"2021-12-09 14:08:38.300233","","","","","","",""
33.0,0.015747783705592155,0.00041606629027488603,"train",116400.0,"2021-12-09 14:09:09.664366","","","","","","",""
33.0,0.04023097828030586,0.0004121734559313469,"train",116600.0,"2021-12-09 14:09:41.015547","","","","","","",""
33.0,0.047879863530397415,0.0004082920064748558,"train",116800.0,"2021-12-09 14:10:12.045415","","","","","","",""
33.0,"","","val",116824.0,"2021-12-09 14:10:49.378274",0.6202597703815378,0.6617937988354701,0.959697341516777,0.7027915810504486,0.6337982348630793,0.644671716893011,0.42119857045740844
34.0,0.022891828790307045,0.00040442207271061995,"train",117000.0,"2021-12-09 14:11:18.218760","","","","","","",""
34.0,0.049107398837804794,0.00040056378505576784,"train",117200.0,"2021-12-09 14:11:46.507932","","","","","","",""
34.0,0.022029409185051918,0.0003967172735349517,"train",117400.0,"2021-12-09 14:12:14.978059","","","","","","",""
34.0,0.06738746911287308,0.00039288266777596755,"train",117600.0,"2021-12-09 14:12:43.748577","","","","","","",""
34.0,0.0634991005063057,0.0003890600970053859,"train",117800.0,"2021-12-09 14:13:13.998973","","","","","","",""
34.0,0.04372507333755493,0.00038524969004419707,"train",118000.0,"2021-12-09 14:13:45.732707","","","","","","",""
34.0,0.06265217810869217,0.00038145157530347043,"train",118200.0,"2021-12-09 14:14:17.110792","","","","","","",""
34.0,0.03567865118384361,0.00037766588078002564,"train",118400.0,"2021-12-09 14:14:47.832663","","","","","","",""
34.0,0.02621760033071041,0.00037389273405212005,"train",118600.0,"2021-12-09 14:15:18.737886","","","","","","",""
34.0,0.05053754150867462,0.0003701322622751494,"train",118800.0,"2021-12-09 14:15:50.130158","","","","","","",""
34.0,0.06322329491376877,0.00036638459217736187,"train",119000.0,"2021-12-09 14:16:20.448347","","","","","","",""
34.0,0.06252971291542053,0.0003626498500555888,"train",119200.0,"2021-12-09 14:16:49.840791","","","","","","",""
34.0,0.05308270826935768,0.0003589281617709866,"train",119400.0,"2021-12-09 14:17:17.934290","","","","","","",""
34.0,0.03491063416004181,0.0003552196527447967,"train",119600.0,"2021-12-09 14:17:45.724102","","","","","","",""
34.0,0.03499576076865196,0.00035152444795411806,"train",119800.0,"2021-12-09 14:18:14.043924","","","","","","",""
34.0,0.05072356387972832,0.00034784267192769535,"train",120000.0,"2021-12-09 14:18:44.589355","","","","","","",""
34.0,0.06657478958368301,0.0003441744487417236,"train",120200.0,"2021-12-09 14:19:16.075282","","","","","","",""
34.0,"","","val",120260.0,"2021-12-09 14:19:59.261346",0.6130696973211179,0.6578015845575409,0.9574442352342782,0.7021122793484263,0.6293783834927189,0.6374326953850841,0.41454156682957727
35.0,0.036787547171115875,0.0003405199020156651,"train",120400.0,"2021-12-09 14:20:23.922680","","","","","","",""
35.0,0.029083693400025368,0.00033687915490808413,"train",120600.0,"2021-12-09 14:20:55.614300","","","","","","",""
35.0,0.07434052973985672,0.000333252330112497,"train",120800.0,"2021-12-09 14:21:26.830448","","","","","","",""
35.0,0.045094430446624756,0.000329639549853236,"train",121000.0,"2021-12-09 14:21:56.872383","","","","","","",""
35.0,0.01988084241747856,0.00032604093588133254,"train",121200.0,"2021-12-09 14:22:25.564680","","","","","","",""
35.0,0.04059816524386406,0.0003224566094704115,"train",121400.0,"2021-12-09 14:22:53.540845","","","","","","",""
35.0,0.025974515825510025,0.00031888669141260707,"train",121600.0,"2021-12-09 14:23:22.020427","","","","","","",""
35.0,0.050978273153305054,0.00031533130201448885,"train",121800.0,"2021-12-09 14:23:50.075616","","","","","","",""
35.0,0.03175307437777519,0.00031179056109301026,"train",122000.0,"2021-12-09 14:24:18.816787","","","","","","",""
35.0,0.03820236027240753,0.00030826458797147,"train",122200.0,"2021-12-09 14:24:46.928599","","","","","","",""
35.0,0.06000396981835365,0.00030475350147548977,"train",122400.0,"2021-12-09 14:25:15.265166","","","","","","",""
35.0,0.04784111678600311,0.0003012574199290115,"train",122600.0,"2021-12-09 14:25:43.586879","","","","","","",""
35.0,0.04896928369998932,0.0002977764611503078,"train",122800.0,"2021-12-09 14:26:11.651801","","","","","","",""
35.0,0.03611915186047554,0.0002943107424480131,"train",123000.0,"2021-12-09 14:26:40.212450","","","","","","",""
35.0,0.0333576537668705,0.0002908603806171704,"train",123200.0,"2021-12-09 14:27:08.897326","","","","","","",""
35.0,0.07495538890361786,0.0002874254919352939,"train",123400.0,"2021-12-09 14:27:37.527875","","","","","","",""
35.0,0.054716579616069794,0.00028400619215845213,"train",123600.0,"2021-12-09 14:28:05.554622","","","","","","",""
35.0,"","","val",123696.0,"2021-12-09 14:28:48.009407",0.6199698480807143,0.6600808060466588,0.9571613317388155,0.7017790462878783,0.6319317725412954,0.6399471677013706,0.41761300027554127
36.0,0.02826022356748581,0.00028060259651736493,"train",123800.0,"2021-12-09 14:29:05.094039","","","","","","",""
36.0,0.03126101195812225,0.00027721481971352174,"train",124000.0,"2021-12-09 14:29:32.495558","","","","","","",""
36.0,0.062303557991981506,0.00027384297591531644,"train",124200.0,"2021-12-09 14:30:00.940765","","","","","","",""
36.0,0.06377197057008743,0.000270487178754198,"train",124400.0,"2021-12-09 14:30:29.379448","","","","","","",""
36.0,0.03449145704507828,0.0002671475413208433,"train",124600.0,"2021-12-09 14:30:57.267708","","","","","","",""
36.0,0.02156112529337406,0.00026382417616134426,"train",124800.0,"2021-12-09 14:31:25.052622","","","","","","",""
36.0,0.06909992545843124,0.0002605171952734156,"train",125000.0,"2021-12-09 14:31:52.976977","","","","","","",""
36.0,0.02197307161986828,0.0002572267101026208,"train",125200.0,"2021-12-09 14:32:21.036293","","","","","","",""
36.0,0.03854572772979736,0.00025395283153861585,"train",125400.0,"2021-12-09 14:32:49.153960","","","","","","",""
36.0,0.08427167683839798,0.00025069566991141323,"train",125600.0,"2021-12-09 14:33:17.272556","","","","","","",""
36.0,0.0381186306476593,0.0002474553349876625,"train",125800.0,"2021-12-09 14:33:45.712014","","","","","","",""
36.0,0.05256475880742073,0.00024423193596695176,"train",126000.0,"2021-12-09 14:34:13.878050","","","","","","",""
36.0,0.018469251692295074,0.00024102558147812785,"train",126200.0,"2021-12-09 14:34:41.486235","","","","","","",""
36.0,0.06512968242168427,0.0002378363795756349,"train",126400.0,"2021-12-09 14:35:09.251531","","","","","","",""
36.0,0.051847510039806366,0.00023466443773587396,"train",126600.0,"2021-12-09 14:35:37.320404","","","","","","",""
36.0,0.025939904153347015,0.00023150986285357987,"train",126800.0,"2021-12-09 14:36:05.235134","","","","","","",""
36.0,0.02506963722407818,0.00022837276123821937,"train",127000.0,"2021-12-09 14:36:33.143986","","","","","","",""
36.0,"","","val",127132.0,"2021-12-09 14:37:20.483680",0.6200858170010437,0.6626638089811838,0.9579032304145391,0.7047724807182533,0.6418563139129633,0.6492917273061318,0.4241863744945641
37.0,0.06364818662405014,0.00022525323861040874,"train",127200.0,"2021-12-09 14:37:32.406783","","","","","","",""
37.0,0.053003136068582535,0.00022215140009835025,"train",127400.0,"2021-12-09 14:38:01.001522","","","","","","",""
37.0,0.009577329270541668,0.00021906735023429063,"train",127600.0,"2021-12-09 14:38:29.067678","","","","","","",""
37.0,0.02886100858449936,0.00021600119295099693,"train",127800.0,"2021-12-09 14:38:57.523004","","","","","","",""
37.0,0.09382212907075882,0.0002129530315782547,"train",128000.0,"2021-12-09 14:39:25.431145","","","","","","",""
37.0,0.019395362585783005,0.00020992296883938556,"train",128200.0,"2021-12-09 14:39:53.463399","","","","","","",""
37.0,0.04910659044981003,0.00020691110684778534,"train",128400.0,"2021-12-09 14:40:21.469370","","","","","","",""
37.0,0.04833783209323883,0.0002039175471034838,"train",128600.0,"2021-12-09 14:40:49.592886","","","","","","",""
37.0,0.04007115587592125,0.0002009423904897222,"train",128800.0,"2021-12-09 14:41:17.574168","","","","","","",""
37.0,0.02699609100818634,0.00019798573726955535,"train",129000.0,"2021-12-09 14:41:45.640593","","","","","","",""
37.0,0.03194965794682503,0.00019504768708247143,"train",129200.0,"2021-12-09 14:42:13.895958","","","","","","",""
37.0,0.09403714537620544,0.00019212833894103495,"train",129400.0,"2021-12-09 14:42:42.163371","","","","","","",""
37.0,0.05135943368077278,0.00018922779122755004,"train",129600.0,"2021-12-09 14:43:10.136328","","","","","","",""
37.0,0.03056267835199833,0.00018634614169074412,"train",129800.0,"2021-12-09 14:43:38.725612","","","","","","",""
37.0,0.040888603776693344,0.00018348348744247448,"train",130000.0,"2021-12-09 14:44:06.802127","","","","","","",""
37.0,0.030685441568493843,0.00018063992495445574,"train",130200.0,"2021-12-09 14:44:35.063633","","","","","","",""
37.0,0.029346806928515434,0.0001778155500550076,"train",130400.0,"2021-12-09 14:45:03.525942","","","","","","",""
37.0,"","","val",130568.0,"2021-12-09 14:45:56.635083",0.6166067493911632,0.6613436175067785,0.9568760855460248,0.7099520383068993,0.6441478463237383,0.651378823807899,0.4253313729780887
38.0,0.038286611437797546,0.00017501045792582746,"train",130600.0,"2021-12-09 14:46:03.727204","","","","","","",""
38.0,0.06728984415531158,0.00017222474309878052,"train",130800.0,"2021-12-09 14:46:32.067453","","","","","","",""
38.0,0.024339614436030388,0.0001694584994527156,"train",131000.0,"2021-12-09 14:47:00.433278","","","","","","",""
38.0,0.059894438832998276,0.00016671182021030074,"train",131200.0,"2021-12-09 14:47:28.934843","","","","","","",""
38.0,0.04513425752520561,0.00016398479793488168,"train",131400.0,"2021-12-09 14:47:56.902559","","","","","","",""
38.0,0.027306480333209038,0.00016127752452736299,"train",131600.0,"2021-12-09 14:48:25.343082","","","","","","",""
38.0,0.06261255592107773,0.00015859009122311002,"train",131800.0,"2021-12-09 14:48:53.928423","","","","","","",""
38.0,0.09508175402879715,0.00015592258858887506,"train",132000.0,"2021-12-09 14:49:22.586148","","","","","","",""
38.0,0.059870798140764236,0.0001532751065197449,"train",132200.0,"2021-12-09 14:49:50.881159","","","","","","",""
38.0,0.06431099772453308,0.00015064773423611135,"train",132400.0,"2021-12-09 14:50:19.157752","","","","","","",""
38.0,0.016866710036993027,0.00014804056028066493,"train",132600.0,"2021-12-09 14:50:47.682504","","","","","","",""
38.0,0.033696871250867844,0.0001454536725154102,"train",132800.0,"2021-12-09 14:51:16.072979","","","","","","",""
38.0,0.028562286868691444,0.00014288715811870535,"train",133000.0,"2021-12-09 14:51:44.035783","","","","","","",""
38.0,0.06652117520570755,0.00014034110358232416,"train",133200.0,"2021-12-09 14:52:11.781163","","","","","","",""
38.0,0.029461570084095,0.00013781559470854145,"train",133400.0,"2021-12-09 14:52:39.786152","","","","","","",""
38.0,0.058771081268787384,0.00013531071660724105,"train",133600.0,"2021-12-09 14:53:07.989571","","","","","","",""
38.0,0.033506982028484344,0.0001328265536930476,"train",133800.0,"2021-12-09 14:53:36.044160","","","","","","",""
38.0,0.03805983066558838,0.00013036318968248298,"train",134000.0,"2021-12-09 14:54:04.283685","","","","","","",""
38.0,"","","val",134004.0,"2021-12-09 14:54:33.947572",0.6191580656384089,0.6609707305729301,0.9559334220983999,0.7046716601517046,0.6364410222046634,0.6452415505368732,0.4218097909006475
39.0,0.01882399618625641,0.00012792070759114245,"train",134200.0,"2021-12-09 14:55:04.511810","","","","","","",""
39.0,0.056334175169467926,0.00012549918973090037,"train",134400.0,"2021-12-09 14:55:32.549627","","","","","","",""
39.0,0.028942959383130074,0.00012309871770713356,"train",134600.0,"2021-12-09 14:56:00.743375","","","","","","",""
39.0,0.04504888132214546,0.00012071937241597213,"train",134800.0,"2021-12-09 14:56:29.007020","","","","","","",""
39.0,0.07926629483699799,0.00011836123404157426,"train",135000.0,"2021-12-09 14:56:57.156416","","","","","","",""
39.0,0.038020387291908264,0.00011602438205342174,"train",135200.0,"2021-12-09 14:57:25.432076","","","","","","",""
39.0,0.03661384433507919,0.00011370889520364433,"train",135400.0,"2021-12-09 14:57:53.512144","","","","","","",""
39.0,0.027637943625450134,0.00011141485152436403,"train",135600.0,"2021-12-09 14:58:22.261457","","","","","","",""
39.0,0.07281313091516495,0.00010914232832506598,"train",135800.0,"2021-12-09 14:58:51.138164","","","","","","",""
39.0,0.010037987492978573,0.00010689140218999374,"train",136000.0,"2021-12-09 14:59:20.076010","","","","","","",""
39.0,0.034601472318172455,0.00010466214897556701,"train",136200.0,"2021-12-09 14:59:48.833936","","","","","","",""
39.0,0.029054583981633186,0.00010245464380782651,"train",136400.0,"2021-12-09 15:00:17.050154","","","","","","",""
39.0,0.017300497740507126,0.00010026896107990163,"train",136600.0,"2021-12-09 15:00:45.175700","","","","","","",""
39.0,0.04702919349074364,9.810517444950329e-05,"train",136800.0,"2021-12-09 15:01:13.310260","","","","","","",""
39.0,0.021380465477705002,9.596335683644264e-05,"train",137000.0,"2021-12-09 15:01:41.496078","","","","","","",""
39.0,0.04192516207695007,9.384358042017213e-05,"train",137200.0,"2021-12-09 15:02:09.751411","","","","","","",""
39.0,0.028281839564442635,9.174591663735411e-05,"train",137400.0,"2021-12-09 15:02:37.870659","","","","","","",""
39.0,"","","val",137440.0,"2021-12-09 15:03:12.663834",0.6163168270903397,0.6616172174604842,0.9558089141866064,0.7047191838780856,0.6401043985579405,0.6459109932088191,0.4220627603085091
40.0,0.04546444118022919,8.967043617945312e-05,"train",137600.0,"2021-12-09 15:03:37.442519","","","","","","",""
40.0,0.04268825799226761,8.761720899035336e-05,"train",137800.0,"2021-12-09 15:04:05.434102","","","","","","",""
40.0,0.056626975536346436,8.558630426400236e-05,"train",138000.0,"2021-12-09 15:04:33.377246","","","","","","",""
40.0,0.024596991017460823,8.357779044207814e-05,"train",138200.0,"2021-12-09 15:05:01.728356","","","","","","",""
40.0,0.08922336250543594,8.159173521168325e-05,"train",138400.0,"2021-12-09 15:05:29.653022","","","","","","",""
40.0,0.02534758672118187,7.962820550306361e-05,"train",138600.0,"2021-12-09 15:05:58.061445","","","","","","",""
40.0,0.049400996416807175,7.768726748735279e-05,"train",138800.0,"2021-12-09 15:06:26.212928","","","","","","",""
40.0,0.014437270350754261,7.576898657434268e-05,"train",139000.0,"2021-12-09 15:06:54.462705","","","","","","",""
40.0,0.03382938727736473,7.387342741027838e-05,"train",139200.0,"2021-12-09 15:07:22.061705","","","","","","",""
40.0,0.027106203138828278,7.200065387567985e-05,"train",139400.0,"2021-12-09 15:07:50.308595","","","","","","",""
40.0,0.026761239394545555,7.015072908318946e-05,"train",139600.0,"2021-12-09 15:08:18.877200","","","","","","",""
40.0,0.06185716390609741,6.832371537544454e-05,"train",139800.0,"2021-12-09 15:08:46.935726","","","","","","",""
40.0,0.02230440266430378,6.651967432297718e-05,"train",140000.0,"2021-12-09 15:09:14.596913","","","","","","",""
40.0,0.05966413766145706,6.473866672213847e-05,"train",140200.0,"2021-12-09 15:09:42.859944","","","","","","",""
40.0,0.04720696806907654,6.298075259305017e-05,"train",140400.0,"2021-12-09 15:10:10.948661","","","","","","",""
40.0,0.021342171356081963,6.124599117758177e-05,"train",140600.0,"2021-12-09 15:10:38.822487","","","","","","",""
40.0,0.05119820311665535,5.953444093735447e-05,"train",140800.0,"2021-12-09 15:11:06.822262","","","","","","",""
40.0,"","","val",140876.0,"2021-12-09 15:11:46.716201",0.6168966716919866,0.6642575958182964,0.9565368836828267,0.7079882826461141,0.6441097865079465,0.6487394892573456,0.4245737213375156
41.0,0.05415313318371773,5.784615955177052e-05,"train",141000.0,"2021-12-09 15:12:06.671295","","","","","","",""
41.0,0.024762796238064766,5.618120391606952e-05,"train",141200.0,"2021-12-09 15:12:34.608677","","","","","","",""
41.0,0.016548240557312965,5.453963013941116e-05,"train",141400.0,"2021-12-09 15:13:02.872931","","","","","","",""
41.0,0.04059294983744621,5.292149354298436e-05,"train",141600.0,"2021-12-09 15:13:31.333225","","","","","","",""
41.0,0.0899796262383461,5.132684865814292e-05,"train",141800.0,"2021-12-09 15:13:59.578254","","","","","","",""
41.0,0.01877153106033802,4.975574922456784e-05,"train",142000.0,"2021-12-09 15:14:28.132997","","","","","","",""
41.0,0.048198822885751724,4.8208248188455996e-05,"train",142200.0,"2021-12-09 15:14:56.574176","","","","","","",""
41.0,0.03756605461239815,4.6684397700736196e-05,"train",142400.0,"2021-12-09 15:15:25.166223","","","","","","",""
41.0,0.08211319148540497,4.518424911531149e-05,"train",142600.0,"2021-12-09 15:15:53.409655","","","","","","",""
41.0,0.03855722397565842,4.370785298732898e-05,"train",142800.0,"2021-12-09 15:16:21.517799","","","","","","",""
41.0,0.031058209016919136,4.225525907147519e-05,"train",143000.0,"2021-12-09 15:16:50.248860","","","","","","",""
41.0,0.028474310413002968,4.082651632030033e-05,"train",143200.0,"2021-12-09 15:17:18.258342","","","","","","",""
41.0,0.04820387065410614,3.94216728825678e-05,"train",143400.0,"2021-12-09 15:17:46.098217","","","","","","",""
41.0,0.01534322090446949,3.804077610163214e-05,"train",143600.0,"2021-12-09 15:18:14.252474","","","","","","",""
41.0,0.016592921689152718,3.668387251384333e-05,"train",143800.0,"2021-12-09 15:18:42.309370","","","","","","",""
41.0,0.05400921776890755,3.535100784697845e-05,"train",144000.0,"2021-12-09 15:19:10.327053","","","","","","",""
41.0,0.0317918136715889,3.404222701870063e-05,"train",144200.0,"2021-12-09 15:19:38.492937","","","","","","",""
41.0,"","","val",144312.0,"2021-12-09 15:20:23.854141",0.6182303142757741,0.6628405682193779,0.9555780633670966,0.7092064783121866,0.6436379542464729,0.649223064522526,0.42505356118662235
42.0,0.03425971418619156,3.275757413504561e-05,"train",144400.0,"2021-12-09 15:20:39.038642","","","","","","",""
42.0,0.044597480446100235,3.1497092488934744e-05,"train",144600.0,"2021-12-09 15:21:07.775704","","","","","","",""
42.0,0.026633674278855324,3.0260824558717076e-05,"train",144800.0,"2021-12-09 15:21:36.479943","","","","","","",""
42.0,0.058490317314863205,2.9048812006736563e-05,"train",145000.0,"2021-12-09 15:22:04.830379","","","","","","",""
42.0,0.030154434964060783,2.7861095677928877e-05,"train",145200.0,"2021-12-09 15:22:33.200436","","","","","","",""
42.0,0.04329345002770424,2.6697715598445092e-05,"train",145400.0,"2021-12-09 15:23:01.522805","","","","","","",""
42.0,0.03011309541761875,2.5558710974301532e-05,"train",145600.0,"2021-12-09 15:23:29.514009","","","","","","",""
42.0,0.0160896684974432,2.4444120190060387e-05,"train",145800.0,"2021-12-09 15:23:57.666339","","","","","","",""
42.0,0.03638371080160141,2.3353980807534458e-05,"train",146000.0,"2021-12-09 15:24:25.913851","","","","","","",""
42.0,0.018092403188347816,2.228832956452239e-05,"train",146200.0,"2021-12-09 15:24:54.326383","","","","","","",""
42.0,0.08361530303955078,2.124720237357036e-05,"train",146400.0,"2021-12-09 15:25:22.469154","","","","","","",""
42.0,0.02493489719927311,2.0230634320761113e-05,"train",146600.0,"2021-12-09 15:25:50.805700","","","","","","",""
42.0,0.0585574209690094,1.9238659664532838e-05,"train",146800.0,"2021-12-09 15:26:18.782725","","","","","","",""
42.0,0.04337965324521065,1.8271311834523605e-05,"train",147000.0,"2021-12-09 15:26:46.992305","","","","","","",""
42.0,0.019564848393201828,1.7328623430445174e-05,"train",147200.0,"2021-12-09 15:27:15.204717","","","","","","",""
42.0,0.03598041459918022,1.641062622098463e-05,"train",147400.0,"2021-12-09 15:27:43.359907","","","","","","",""
42.0,0.01323780883103609,1.5517351142732998e-05,"train",147600.0,"2021-12-09 15:28:11.944399","","","","","","",""
42.0,"","","val",147748.0,"2021-12-09 15:29:02.148773",0.6181143453554447,0.6636037313989541,0.9563477369273271,0.7105008082082467,0.6460617105129002,0.6505311184813093,0.4255744884180144
43.0,0.05254564434289932,1.4648828299143667e-05,"train",147800.0,"2021-12-09 15:29:12.153196","","","","","","",""
43.0,0.059939268976449966,1.38050869595172e-05,"train",148000.0,"2021-12-09 15:29:41.002316","","","","","","",""
43.0,0.04079606384038925,1.2986155558015124e-05,"train",148200.0,"2021-12-09 15:30:09.259190","","","","","","",""
43.0,0.0430104061961174,1.219206169270196e-05,"train",148400.0,"2021-12-09 15:30:37.531882","","","","","","",""
43.0,0.08024760335683823,1.1422832124614633e-05,"train",148600.0,"2021-12-09 15:31:06.060897","","","","","","",""
43.0,0.037060659378767014,1.0678492776861273e-05,"train",148800.0,"2021-12-09 15:31:34.254913","","","","","","",""
43.0,0.04131524637341499,9.959068733747014e-06,"train",149000.0,"2021-12-09 15:32:02.595926","","","","","","",""
43.0,0.021736595779657364,9.264584239928998e-06,"train",149200.0,"2021-12-09 15:32:30.907927","","","","","","",""
43.0,0.02897677943110466,8.595062699599285e-06,"train",149400.0,"2021-12-09 15:32:59.368736","","","","","","",""
43.0,0.07048076391220093,7.950526675696067e-06,"train",149600.0,"2021-12-09 15:33:27.746031","","","","","","",""
43.0,0.06290841847658157,7.330997889143285e-06,"train",149800.0,"2021-12-09 15:33:56.410365","","","","","","",""
43.0,0.026245784014463425,6.736497218118461e-06,"train",150000.0,"2021-12-09 15:34:24.911275","","","","","","",""
43.0,0.0556972362101078,6.167044697349767e-06,"train",150200.0,"2021-12-09 15:34:53.107327","","","","","","",""
43.0,0.05828307941555977,5.622659517439906e-06,"train",150400.0,"2021-12-09 15:35:21.350407","","","","","","",""
43.0,0.03689686581492424,5.103360024220203e-06,"train",150600.0,"2021-12-09 15:35:49.785859","","","","","","",""
43.0,0.03829839453101158,4.609163718131699e-06,"train",150800.0,"2021-12-09 15:36:18.533704","","","","","","",""
43.0,0.03633911535143852,4.140087253635947e-06,"train",151000.0,"2021-12-09 15:36:46.827028","","","","","","",""
43.0,"","","val",151184.0,"2021-12-09 15:37:42.165234",0.6182303142757741,0.6622209479385461,0.9558110776507897,0.7078670767866041,0.6434499394416938,0.6475818849563956,0.4229148175804314
44.0,0.0532800555229187,3.6961464386534725e-06,"train",151200.0,"2021-12-09 15:37:46.855210","","","","","","",""
44.0,0.0341680645942688,3.2773562340309434e-06,"train",151400.0,"2021-12-09 15:38:15.242113","","","","","","",""
44.0,0.02240351028740406,2.883730753037249e-06,"train",151600.0,"2021-12-09 15:38:43.386524","","","","","","",""
44.0,0.04872821643948555,2.5152832608877127e-06,"train",151800.0,"2021-12-09 15:39:11.478252","","","","","","",""
44.0,0.03881538286805153,2.17202617429695e-06,"train",152000.0,"2021-12-09 15:39:40.280775","","","","","","",""
44.0,0.060519490391016006,1.8539710610608736e-06,"train",152200.0,"2021-12-09 15:40:08.700302","","","","","","",""
44.0,0.025630487129092216,1.5611286396662573e-06,"train",152400.0,"2021-12-09 15:40:36.860151","","","","","","",""
44.0,0.021338634192943573,1.2935087789299404e-06,"train",152600.0,"2021-12-09 15:41:05.061519","","","","","","",""
44.0,0.031234733760356903,1.0511204976661812e-06,"train",152800.0,"2021-12-09 15:41:33.486822","","","","","","",""
44.0,0.0409734770655632,8.339719643824827e-07,"train",153000.0,"2021-12-09 15:42:01.949877","","","","","","",""
44.0,0.04015218839049339,6.420704970047321e-07,"train",153200.0,"2021-12-09 15:42:30.507385","","","","","","",""
44.0,0.037075068801641464,4.754225626301477e-07,"train",153400.0,"2021-12-09 15:42:59.246584","","","","","","",""
44.0,0.014967083930969238,3.340337773097049e-07,"train",153600.0,"2021-12-09 15:43:27.655959","","","","","","",""
44.0,0.020976485684514046,2.17908905858455e-07,"train",153800.0,"2021-12-09 15:43:56.039493","","","","","","",""
44.0,0.02002384327352047,1.2705186169548707e-07,"train",154000.0,"2021-12-09 15:44:23.985886","","","","","","",""
44.0,0.07394585013389587,6.146570671161797e-08,"train",154200.0,"2021-12-09 15:44:52.428052","","","","","","",""
44.0,0.027320019900798798,2.1152651166308383e-08,"train",154400.0,"2021-12-09 15:45:20.873632","","","","","","",""
44.0,0.018603531643748283,6.114053613389128e-09,"train",154600.0,"2021-12-09 15:45:48.699146","","","","","","",""
44.0,"","","val",154620.0,"2021-12-09 15:46:20.874643",0.6162588426301752,0.6631666901369595,0.9558756871658289,0.7101826096057872,0.6468319227938788,0.6506095093883137,0.42495013369194734
