,AF,AFL,BBB,Brady,CLBBB,CRBBB,IAVB,IRBBB,LAD,LAnFB,LBBB,LQRSV,NSIVCB,NSR,PAC,PR,PRWP,PVC,LPR,LQT,QAb,RAD,RBBB,SA,SB,STach,SVPB,TAb,TInv,VPB,AAR,abQRS,AED,AIVR,AJR,ALR,AMI,AMIs,AnMIs,AnMI,AB,AFAFL,AH,AP,ARH,ATach,AVB,AVD,AVJR,AVNRT,AVRT,BPAC,BRU,BTS,CAF,CCR,CVCL/CCVCL,CD,CHB,CIAHB,CHD,CMI,CR,DIB,ERe,FB,FQRS,HF,HVD,HTV,ICA,IIAVB,IIAVBII,IIs,ILBBB,ISTD,IR,JE,JPC,JTach,LAA,LAE,LAH,LIs,LPFB,LVH,LVHV,LVS,MI,MIs,MoI,NSSTTA,OldMI,PAF,PPW,PSVT,PVT,PWC,RAAb,RAb,RAH,RAHV,RAF,RVH,SAAWR,SAB,SARR,SND,SPRI,SQT,STC,STD,STE,STIAb,SVB,SVT,TIA,TPW,UAb,VBig,VEB,VEsB,VEsR,VF,VFL,VH,VPEx,VPP,VPVC,VTach,VTrig,WAP,WPW
AF,5255,32,11,4,0,104,24,139,635,148,189,109,254,37,20,4,0,19,0,115,141,131,387,2,17,13,4,1072,162,167,0,313,0,0,2,2,0,0,17,32,0,16,0,3,0,10,9,0,4,0,0,0,0,0,1,38,0,8,4,0,3,10,16,0,3,0,1,1,0,0,12,7,0,92,29,0,0,1,0,1,1,7,0,103,40,365,367,0,614,452,0,764,79,0,0,1,0,0,0,0,0,0,0,10,0,0,0,0,0,0,217,439,34,79,0,1,0,0,7,9,215,6,0,4,0,8,0,9,0,1,1,1,2
AFL,32,8374,200,0,125,531,10,151,534,182,46,271,455,25,19,679,336,566,1,175,334,279,156,4,5,20,4,2130,1170,24,0,12,0,2,0,1,14,0,11,15,0,0,0,0,0,9,292,25,40,0,0,4,1,0,0,7,174,1,37,0,0,2,7,0,14,71,0,0,0,0,0,37,0,23,5,0,0,10,0,1,0,4,0,16,6,426,1427,0,36,7,1,129,4,0,0,0,17,4,0,0,0,0,0,42,0,0,1,0,0,0,2229,674,15,142,0,53,0,0,74,0,1,23,10,7,0,0,4,1,0,0,0,0,7
BBB,11,200,522,0,2,5,43,0,151,51,95,8,6,23,20,13,39,48,3,12,67,12,26,17,101,62,0,105,105,5,1,0,0,0,1,0,3,0,0,1,0,0,2,2,1,7,1,3,8,0,0,1,0,0,0,0,30,0,3,0,2,0,0,0,2,1,0,0,0,0,0,6,2,0,2,0,0,2,0,1,2,43,2,2,0,33,67,0,6,0,0,1,0,1,1,0,1,4,0,0,1,0,0,8,0,1,2,0,0,0,140,53,0,27,0,1,0,3,4,0,0,5,1,0,0,0,0,0,0,0,0,1,1
Brady,4,0,0,295,0,10,16,15,0,0,2,1,1,0,5,0,2,14,0,1,0,0,1,0,2,0,5,6,3,1,0,0,0,0,0,0,0,0,1,1,0,0,0,0,0,0,1,1,0,0,0,0,0,0,0,0,0,0,9,0,4,12,0,0,0,0,0,0,0,0,0,2,0,1,3,0,0,1,0,0,0,0,1,0,0,23,2,0,16,8,0,111,107,0,0,0,1,0,0,0,0,0,0,0,0,2,1,0,0,0,5,5,9,50,0,0,1,0,0,1,10,1,0,0,0,0,0,0,3,0,0,0,1
CLBBB,0,125,2,0,212,0,13,0,48,2,0,20,3,19,14,14,18,18,1,4,4,6,0,4,22,36,0,13,2,0,0,0,0,0,0,0,0,0,0,2,0,0,0,0,0,3,0,0,2,0,0,1,0,0,0,0,8,0,0,0,0,0,0,0,0,3,0,0,0,0,0,1,1,0,0,0,0,0,0,1,0,0,0,0,0,3,30,0,0,0,0,0,0,0,2,0,2,0,0,0,0,0,0,0,0,0,0,0,0,0,33,2,0,7,0,4,0,0,0,0,0,2,2,0,0,0,0,0,0,0,0,0,1
CRBBB,104,531,5,10,0,1779,155,54,329,256,3,43,11,464,82,39,2,76,28,13,97,115,14,59,301,169,14,246,156,4,1,149,0,0,3,0,3,0,0,8,0,1,0,0,10,15,6,5,27,0,0,3,0,0,0,0,24,0,30,0,0,4,0,0,0,7,0,0,0,0,8,9,1,11,1,0,0,9,0,1,0,30,1,5,89,28,114,0,294,19,0,43,63,0,5,0,4,2,0,0,4,1,0,88,0,0,2,0,0,0,217,63,3,54,0,13,0,3,7,5,40,2,4,1,0,0,0,0,0,0,0,0,4
IAVB,24,10,43,16,13,155,3534,84,546,169,169,55,102,732,168,44,26,47,125,136,128,43,114,127,1004,292,18,471,189,48,0,177,1,0,0,3,1,0,22,27,0,0,3,0,8,22,1,5,2,0,0,12,0,1,0,4,21,0,0,0,0,6,4,0,20,2,0,0,0,0,5,6,2,29,30,0,0,9,0,0,6,179,2,87,24,218,169,0,403,121,3,203,25,0,10,0,1,9,0,0,7,1,0,18,0,1,3,0,0,1,138,103,32,124,0,6,0,2,0,4,93,5,1,0,0,13,0,2,0,0,1,1,0
IRBBB,139,151,0,15,0,54,84,1857,358,140,2,17,21,884,80,11,2,16,24,85,52,94,62,77,163,135,10,229,62,15,0,160,0,0,2,0,1,0,32,30,0,1,1,9,2,3,3,0,7,0,0,0,0,0,0,0,4,0,8,0,0,1,0,0,3,2,0,0,0,0,11,8,0,32,1,0,0,1,0,1,0,75,1,24,36,97,47,0,259,79,0,135,41,0,0,1,0,1,0,0,16,0,0,88,0,0,0,0,0,0,74,46,5,91,0,9,0,1,4,4,71,0,0,1,0,19,0,0,0,0,1,0,3
LAD,635,534,151,0,48,329,546,358,7631,1394,436,113,307,4205,212,36,75,67,84,144,282,0,149,252,798,599,77,949,252,72,3,1630,0,0,3,0,2,0,37,132,0,0,0,11,6,23,15,2,8,1,1,5,0,0,0,2,79,0,10,0,0,0,22,0,5,6,0,0,0,0,0,16,0,50,50,0,0,8,1,1,6,221,1,201,8,704,155,0,2236,580,0,228,0,0,5,2,0,8,1,0,16,0,0,45,0,0,1,0,1,0,300,185,32,95,0,26,0,7,11,32,385,6,1,0,0,23,0,4,0,0,4,1,47
LAnFB,148,182,51,0,2,256,169,140,1394,2186,1,20,40,1275,108,17,27,34,64,50,124,17,24,58,143,176,21,265,114,13,0,353,0,0,1,0,3,1,12,50,0,0,1,1,1,10,1,2,9,0,0,1,1,0,0,0,43,0,8,0,0,0,0,0,2,3,0,0,0,0,14,4,0,20,5,0,0,2,0,0,2,73,0,37,3,189,30,0,721,193,0,66,0,0,1,0,1,2,0,0,9,0,0,40,0,1,1,0,1,0,125,111,5,48,0,7,0,1,3,8,139,1,0,0,0,7,0,2,0,0,2,0,0
LBBB,189,46,95,2,0,3,169,2,436,1,1281,10,22,386,43,2,4,6,16,8,23,4,34,17,88,102,10,50,35,24,0,12,0,0,1,1,0,0,1,2,0,1,2,1,1,8,9,0,0,0,0,0,0,0,0,1,1,0,4,0,0,1,15,0,0,1,0,0,0,0,11,1,0,3,15,0,0,1,0,0,2,93,2,12,1,32,18,0,45,12,0,55,20,0,0,0,0,2,0,0,3,0,0,2,0,0,0,0,0,0,7,13,14,14,0,20,0,1,1,2,62,2,1,0,0,2,1,0,0,0,0,0,2
LQRSV,109,271,8,1,20,43,55,17,113,20,10,1487,45,252,100,10,62,35,5,54,81,53,24,53,335,271,0,353,128,20,0,12,0,0,2,1,8,0,15,10,0,0,0,0,5,24,9,0,5,0,0,2,0,0,0,2,28,0,7,0,0,0,1,0,0,3,1,0,0,0,6,1,0,18,0,0,0,3,2,2,0,8,0,34,0,4,11,0,57,9,0,113,0,0,0,0,0,5,0,0,2,1,0,6,0,0,0,0,0,0,78,39,17,58,0,10,0,9,1,0,10,0,1,0,0,0,0,1,0,0,0,0,1
NSIVCB,254,455,6,1,3,11,102,21,307,40,22,45,1766,601,152,6,26,39,23,40,119,53,11,34,137,130,4,366,139,28,0,186,0,0,1,0,0,0,8,32,0,0,0,3,3,41,9,0,0,0,0,7,0,0,0,5,5,0,0,0,0,0,4,0,2,2,0,0,0,0,7,4,0,23,2,0,0,2,0,0,3,62,1,49,11,180,157,0,358,180,0,112,0,0,0,0,2,2,0,0,7,1,0,1,0,0,0,0,1,0,191,153,10,37,0,7,0,3,1,4,81,2,1,0,0,1,0,0,0,0,0,0,0
NSR,37,25,23,0,19,464,732,884,4205,1275,386,252,601,28971,502,13,44,82,322,133,568,260,38,636,359,236,36,2495,491,17,0,2629,1,0,0,0,4,0,22,275,0,0,0,0,1,10,1,1,4,0,0,7,0,0,0,27,97,0,13,0,0,0,3,0,36,2,1,0,0,0,134,3,3,142,47,0,0,4,1,1,0,343,2,87,107,1759,392,0,3797,1385,2,308,2,0,12,2,13,15,0,0,67,1,0,106,0,0,0,0,4,0,727,806,42,73,0,3,0,14,7,38,662,1,2,0,0,23,1,0,0,0,12,0,75
PAC,20,19,20,5,14,82,168,80,212,108,43,100,152,502,3041,27,36,90,25,114,104,28,106,103,553,715,2,572,229,40,3,13,12,1,1,0,4,0,16,13,3,0,6,1,17,120,1,2,5,0,1,33,0,0,0,2,34,0,5,0,3,1,5,0,6,4,0,0,0,0,8,3,1,31,12,0,0,25,2,5,3,63,1,70,4,186,250,0,125,63,2,245,17,0,11,1,7,15,1,0,7,3,0,19,2,0,0,0,5,0,215,171,21,108,0,1,0,32,7,22,61,6,0,0,0,8,0,1,1,0,5,1,3
PR,4,679,13,0,14,39,44,11,36,17,2,10,6,13,27,1480,16,69,1,11,17,5,2,20,64,10,0,211,173,0,0,2,0,1,1,0,0,0,0,6,0,0,0,0,3,5,2,25,3,0,6,0,0,0,0,0,8,0,10,0,0,0,0,0,0,87,0,0,0,0,1,4,0,0,0,0,0,0,1,0,0,0,0,0,0,31,95,0,6,2,2,4,1,0,2,0,4,1,0,0,1,0,0,2,0,0,7,0,0,0,159,65,1,7,0,0,0,2,0,0,2,1,4,0,0,0,0,0,0,0,0,0,0
PRWP,0,336,39,2,18,2,26,2,75,27,4,62,26,44,36,16,593,65,0,14,47,36,0,21,126,72,0,210,133,0,0,0,1,0,0,0,2,0,0,2,0,0,0,0,3,7,3,2,3,0,1,2,0,0,0,0,19,0,2,0,0,0,0,0,3,4,0,0,0,0,0,4,0,0,0,0,0,5,0,0,0,0,0,0,1,20,101,0,2,0,0,0,0,0,3,0,2,3,0,0,1,2,0,5,0,0,0,0,0,0,129,48,0,28,0,1,0,7,2,0,0,5,0,0,0,0,0,0,0,0,0,0,1
PVC,19,566,48,14,18,76,47,16,67,34,6,35,39,82,90,69,65,1279,1,30,57,43,10,47,155,230,2,243,156,2,0,0,1,2,1,0,1,0,0,8,0,1,0,0,7,13,3,2,11,0,1,4,0,0,0,0,29,0,12,0,0,5,0,1,1,12,0,0,0,0,0,5,0,0,4,0,0,9,0,1,0,0,3,0,1,63,213,0,46,14,2,78,49,0,2,0,26,3,0,0,4,2,0,7,0,3,2,0,0,0,283,101,1,30,0,6,0,3,5,0,0,9,10,0,0,0,1,0,0,0,0,0,3
LPR,0,1,3,0,1,28,125,24,84,64,16,5,23,322,25,1,0,1,388,1,38,2,0,9,37,28,0,83,22,0,0,3,0,0,0,0,0,0,0,4,0,0,0,0,0,0,0,0,0,0,0,0,0,0,0,0,1,0,0,0,0,0,0,0,0,0,0,0,0,0,3,1,0,1,3,0,0,0,0,0,0,35,0,2,5,66,10,0,132,60,4,17,0,0,0,0,0,0,0,0,1,0,0,1,0,0,0,0,0,0,21,62,1,0,0,0,0,0,0,1,36,1,0,0,0,0,0,0,0,0,2,0,0
LQT,115,175,12,1,4,13,136,85,144,50,8,54,40,133,114,11,14,30,1,1895,129,29,18,57,247,97,2,653,219,70,1,13,0,0,8,2,2,1,61,3,0,0,13,12,2,3,13,2,9,0,1,4,0,0,0,0,9,0,6,0,0,0,0,0,5,1,0,0,0,0,1,9,0,101,22,0,0,7,0,2,11,187,1,147,5,252,63,0,28,11,1,408,0,0,1,0,5,4,3,2,4,0,0,27,0,1,0,0,0,0,109,51,25,949,0,7,0,2,9,0,15,3,1,2,0,18,0,2,0,0,1,0,0
QAb,141,334,67,0,4,97,128,52,282,124,23,81,119,568,104,17,47,57,38,129,2027,61,41,60,414,215,0,875,421,29,3,2,1,0,2,1,23,0,86,41,0,0,0,1,4,12,12,1,3,0,0,2,0,0,0,2,39,0,4,0,0,0,5,0,3,5,0,0,0,0,10,5,0,124,5,0,0,5,0,0,1,40,2,170,9,152,111,0,467,84,0,108,1,0,3,0,5,6,0,0,2,0,0,21,0,0,0,0,1,0,164,206,45,243,0,8,0,10,0,2,38,1,0,0,0,12,1,1,0,0,1,0,2
RAD,131,279,12,0,6,115,43,94,0,17,4,53,53,260,28,5,36,43,2,29,61,1280,24,50,135,328,5,229,105,17,0,145,0,0,0,3,5,0,7,11,0,0,1,2,3,3,9,0,11,4,0,2,0,0,0,4,74,0,4,0,0,0,24,0,2,1,0,0,0,0,0,2,1,19,0,0,0,3,0,1,1,22,0,3,103,17,42,0,158,26,0,66,0,0,3,1,2,9,2,0,27,0,0,66,0,0,0,0,1,0,112,45,11,34,0,49,0,30,6,3,30,1,1,0,0,13,0,0,0,0,0,0,4
RBBB,387,156,26,1,0,14,114,62,149,24,34,24,11,38,106,2,0,10,0,18,41,24,3051,21,278,142,1,193,69,41,0,0,0,0,1,1,0,0,13,0,0,0,4,6,1,15,22,1,3,0,0,1,0,0,0,0,2,0,6,0,0,0,12,0,2,0,0,0,0,0,0,4,0,42,2,0,0,0,0,1,1,53,0,70,5,41,70,0,6,0,0,100,1,0,0,0,0,2,1,0,1,0,0,13,0,0,0,0,0,0,22,51,32,17,0,40,2,1,4,3,54,0,0,2,0,4,0,1,0,0,0,2,0
SA,2,4,17,0,4,59,127,77,252,58,17,53,34,636,103,20,21,47,9,57,60,50,21,3785,832,5,1,314,110,6,0,128,4,0,0,2,0,0,10,11,0,0,2,1,2,10,0,5,9,0,1,8,0,0,0,0,29,0,3,0,0,1,0,0,32,1,0,0,0,1,1,5,1,19,3,0,0,17,1,0,0,40,0,34,6,120,192,0,160,53,3,82,4,0,11,0,0,0,0,0,2,0,0,8,0,2,4,0,2,1,123,51,7,73,0,1,1,5,5,3,123,3,1,0,0,4,0,1,0,0,0,0,10
SB,17,5,101,2,22,301,1004,163,798,143,88,335,137,359,553,64,126,155,37,247,414,135,278,832,18918,1,6,2582,959,64,1,85,10,0,0,0,4,0,47,27,2,0,0,1,3,24,3,19,15,0,2,31,2,0,0,55,167,0,14,0,0,3,6,0,348,5,0,0,0,0,9,20,2,45,13,0,0,44,3,0,12,106,1,110,5,365,2443,0,139,56,11,426,12,0,38,0,0,22,0,0,2,0,0,13,0,3,7,0,10,1,586,279,95,484,0,0,0,12,33,5,6,13,4,0,0,7,3,2,0,0,2,3,35
STach,13,20,62,0,36,169,292,135,599,176,102,271,130,236,715,10,72,230,28,97,215,328,142,5,1,6660,10,1132,374,129,0,151,1,1,2,2,24,0,44,34,1,2,26,3,1,100,3,10,11,0,0,14,1,1,0,22,181,0,18,0,5,13,32,0,15,14,0,0,1,0,8,17,1,76,27,0,0,7,4,4,24,195,11,111,17,284,365,0,329,120,10,735,165,0,23,1,21,89,7,1,51,18,0,67,0,1,0,0,4,0,550,320,79,179,0,7,0,104,4,13,108,1,7,0,0,15,3,4,4,0,10,0,13
SVPB,4,4,0,5,0,14,18,10,77,21,10,0,4,36,2,0,0,2,0,2,0,5,1,1,6,10,222,14,1,0,0,50,0,0,0,0,0,0,1,5,0,2,1,0,0,0,0,0,0,0,0,0,0,0,0,0,0,0,0,0,1,1,0,0,0,0,0,0,0,0,0,0,0,2,3,0,0,1,0,0,0,4,3,3,3,24,0,0,65,24,0,25,8,0,0,3,0,0,0,0,2,0,0,3,0,0,0,0,0,0,4,2,0,5,1,0,0,0,0,3,11,1,0,0,0,0,0,0,2,1,2,0,6
TAb,1072,2130,105,6,13,246,471,229,949,265,50,353,366,2495,572,211,210,243,83,653,875,229,193,314,2582,1132,14,11304,1703,183,4,85,3,0,13,3,19,0,255,56,0,2,18,14,25,78,85,7,30,3,3,12,0,0,0,39,149,0,24,0,0,0,22,0,42,35,2,0,0,0,21,28,1,412,34,0,0,24,2,6,5,226,1,692,15,632,1180,0,394,163,9,662,12,0,17,1,6,31,2,2,12,6,0,51,1,0,3,0,2,0,198,780,99,563,0,59,0,33,54,9,184,15,5,0,0,23,0,5,0,0,6,5,5
TInv,162,1170,105,3,2,156,189,62,252,114,35,128,139,491,229,173,133,156,22,219,421,105,69,110,959,374,1,1703,3791,41,1,0,3,0,6,2,18,0,45,37,0,1,7,3,16,25,18,6,40,0,1,9,0,0,0,3,100,0,20,0,0,0,3,0,12,32,0,0,0,0,4,18,0,70,12,0,0,9,2,4,2,95,2,129,7,522,517,0,211,151,4,458,2,0,9,0,3,10,0,0,8,0,0,26,0,1,3,0,3,0,806,1115,43,252,0,10,0,19,11,4,34,8,5,0,0,13,0,0,0,0,0,0,0
VPB,167,24,5,1,0,4,48,15,72,13,24,20,28,17,40,0,0,2,0,70,29,17,41,6,64,129,0,183,41,659,0,0,0,0,3,1,0,0,5,0,0,0,2,1,0,6,8,0,0,0,0,0,0,0,0,4,0,0,0,0,0,0,4,0,3,1,0,0,0,0,0,1,0,15,11,0,0,3,0,0,2,42,0,40,1,44,56,0,8,0,0,161,1,0,0,0,0,6,1,0,0,1,0,5,0,0,0,0,0,0,0,24,17,48,0,7,0,0,0,1,3,0,0,0,0,6,0,7,0,0,1,0,0
AAR,0,0,1,0,0,1,0,0,3,0,0,0,0,0,3,0,0,0,0,1,3,0,0,0,1,0,0,4,1,0,15,0,1,0,0,0,1,0,0,2,0,0,0,0,0,0,0,0,0,0,0,0,0,0,0,0,0,0,0,0,0,0,0,0,0,0,0,0,0,0,0,0,0,0,0,0,0,0,0,0,0,0,0,0,0,1,1,0,0,0,0,0,0,0,0,0,0,0,0,0,0,0,0,0,0,0,0,0,0,0,5,1,0,3,0,0,0,0,1,0,0,0,0,0,0,0,0,0,0,0,0,0,0
abQRS,313,12,0,0,0,149,177,160,1630,353,12,12,186,2629,13,2,0,0,3,13,2,145,0,128,85,151,50,85,0,0,0,3389,0,0,0,0,0,0,12,158,0,0,0,0,0,0,0,0,0,0,0,0,0,0,0,0,0,0,4,0,0,0,0,0,0,0,0,0,0,0,1,2,0,26,19,0,0,0,0,0,0,86,0,55,44,383,0,0,2644,464,0,45,0,0,0,2,0,0,0,0,19,0,0,26,0,0,0,0,0,0,37,6,0,0,0,0,0,0,0,6,251,0,0,0,0,6,0,0,0,0,3,0,41
AED,0,0,0,0,0,0,1,0,0,0,0,0,0,1,12,0,1,1,0,0,1,0,0,4,10,1,0,3,3,0,1,0,17,0,0,0,0,0,0,0,0,0,0,0,0,3,0,0,0,0,0,1,0,0,0,0,0,0,0,0,0,0,0,0,1,0,0,0,0,0,0,0,0,0,0,0,0,1,0,0,0,0,0,0,0,1,2,0,1,0,0,0,0,0,1,0,0,0,0,0,0,0,0,0,0,0,0,0,0,0,3,2,0,2,0,0,0,1,0,0,0,1,0,0,0,0,0,0,0,0,0,0,0
AIVR,0,2,0,0,0,0,0,0,0,0,0,0,0,0,1,1,0,2,0,0,0,0,0,0,0,1,0,0,0,0,0,0,0,7,0,0,0,0,0,0,0,0,0,0,0,0,0,0,0,0,0,0,0,0,0,0,0,0,0,0,0,0,0,0,0,1,0,0,0,0,0,1,0,0,0,0,0,0,0,0,0,0,0,0,0,0,0,0,0,0,0,0,0,0,0,0,0,0,0,0,0,0,0,0,0,0,1,0,0,0,1,0,0,0,0,0,0,0,0,0,0,1,0,0,0,0,0,0,0,0,0,0,0
AJR,2,0,1,0,0,3,0,2,3,1,1,2,1,0,1,1,0,1,0,8,2,0,1,0,0,2,0,13,6,3,0,0,0,0,31,0,0,0,0,0,0,0,0,0,0,0,0,0,0,0,0,0,0,0,0,0,0,0,0,0,0,0,0,0,0,1,0,0,0,0,0,0,0,4,1,0,0,0,0,0,0,0,0,2,2,4,2,0,1,0,0,8,0,0,0,0,0,0,0,0,0,1,0,1,0,0,0,0,0,0,3,2,0,6,0,0,0,0,0,0,0,0,0,0,0,0,0,2,0,0,0,0,0
ALR,2,1,0,0,0,0,3,0,0,0,1,1,0,0,0,0,0,0,0,2,1,3,1,2,0,2,0,3,2,1,0,0,0,0,0,12,0,0,0,0,0,0,0,0,0,1,0,0,0,0,0,0,0,0,0,0,0,0,0,0,0,0,0,0,1,0,0,0,0,0,0,0,0,3,0,0,0,0,0,0,0,0,0,2,1,0,0,0,0,0,0,1,0,0,0,0,0,0,0,0,0,0,0,1,0,0,0,0,0,0,0,0,0,2,0,0,0,0,0,0,0,0,0,0,0,0,0,0,0,0,0,0,0
AMI,0,14,3,0,0,3,1,1,2,3,0,8,0,4,4,0,2,1,0,2,23,5,0,0,4,24,0,19,18,0,1,0,0,0,0,0,54,0,0,0,0,0,0,0,0,1,1,0,0,0,0,0,0,1,0,0,1,0,0,0,0,0,0,0,0,0,0,0,0,0,0,0,0,0,0,0,1,0,0,0,0,0,0,0,0,0,1,0,12,0,0,0,0,0,0,0,3,0,0,0,0,0,0,0,0,0,0,0,0,0,8,7,2,37,0,0,0,0,0,0,4,0,0,0,0,0,0,0,1,0,0,0,0
AMIs,0,0,0,0,0,0,0,0,0,1,0,0,0,0,0,0,0,0,0,1,0,0,0,0,0,0,0,0,0,0,0,0,0,0,0,0,0,2,0,0,0,0,0,0,0,0,0,0,0,0,0,0,0,0,0,0,0,0,0,0,0,0,0,0,0,0,0,0,0,0,0,0,0,0,0,0,0,0,0,0,0,1,0,0,0,0,0,0,0,0,0,1,0,0,0,0,0,0,0,0,0,0,0,0,0,0,0,0,0,0,0,0,0,1,0,0,0,0,0,0,0,0,0,0,0,0,0,0,0,0,0,0,0
AnMIs,17,11,0,1,0,0,22,32,37,12,1,15,8,22,16,0,0,0,0,61,86,7,13,10,47,44,1,255,45,5,0,12,0,0,0,0,0,0,325,2,0,0,1,4,0,2,1,0,0,0,0,0,0,0,0,0,0,0,1,0,0,0,0,0,0,0,0,0,0,0,0,0,0,27,1,0,0,0,0,1,2,24,0,17,0,32,0,0,27,6,0,32,0,0,0,0,0,0,1,0,0,0,0,1,0,0,0,0,0,0,0,3,2,40,0,0,0,0,0,0,2,0,0,0,0,5,0,1,0,0,0,0,0
AnMI,32,15,1,1,2,8,27,30,132,50,2,10,32,275,13,6,2,8,4,3,41,11,0,11,27,34,5,56,37,0,2,158,0,0,0,0,0,0,2,472,0,0,0,0,2,1,0,2,0,0,0,0,0,0,0,0,2,0,0,0,0,1,0,0,0,2,0,0,0,0,4,0,0,4,3,0,0,0,0,0,0,8,1,6,8,45,1,0,169,55,0,26,2,0,1,0,3,2,0,0,5,0,0,4,0,1,0,0,0,0,17,34,14,29,0,2,0,1,0,5,24,0,0,0,0,0,0,0,0,0,0,0,1
AB,0,0,0,0,0,0,0,0,0,0,0,0,0,0,3,0,0,0,0,0,0,0,0,0,2,1,0,0,0,0,0,0,0,0,0,0,0,0,0,0,6,0,0,0,0,0,0,0,0,0,0,3,0,0,0,0,0,0,0,0,3,0,0,0,0,1,0,0,0,0,0,0,0,0,0,0,0,0,0,0,0,0,0,0,0,3,1,0,0,0,0,1,0,0,0,1,1,0,0,0,0,0,0,0,0,0,0,0,0,0,0,0,0,0,0,0,0,0,0,0,1,0,0,0,0,0,0,0,1,0,0,0,0
AFAFL,16,0,0,0,0,1,0,1,0,0,1,0,0,0,0,0,0,1,0,0,0,0,0,0,0,2,2,2,1,0,0,0,0,0,0,0,0,0,0,0,0,41,0,0,0,2,0,0,2,0,0,0,0,0,0,0,0,0,0,0,0,2,0,0,0,0,0,0,0,0,0,0,0,0,0,0,0,0,0,0,0,0,0,1,0,5,0,0,0,0,0,13,12,0,0,0,0,0,0,0,0,0,0,0,0,0,0,0,0,0,0,0,0,1,0,0,0,0,0,0,0,0,0,0,0,2,0,0,0,0,0,0,0
AH,0,0,2,0,0,0,3,1,0,1,2,0,0,0,6,0,0,0,0,13,0,1,4,2,0,26,1,18,7,2,0,0,0,0,0,0,0,0,1,0,0,0,62,0,0,0,0,0,0,0,0,0,0,0,0,0,0,0,0,0,0,0,0,0,1,0,0,0,0,0,0,0,0,4,0,0,0,0,0,1,0,0,0,7,1,17,0,0,0,0,0,16,1,0,0,0,0,0,0,0,0,0,0,5,0,0,0,0,0,0,0,2,1,8,0,0,0,0,0,0,0,0,0,0,0,2,0,0,0,0,0,0,0
AP,3,0,2,0,0,0,0,9,11,1,1,0,3,0,1,0,0,0,0,12,1,2,6,1,1,3,0,14,3,1,0,0,0,0,0,0,0,0,4,0,0,0,0,52,0,0,0,0,0,0,0,0,0,0,0,0,0,0,0,0,0,0,0,0,0,0,0,0,0,0,0,0,0,1,0,0,0,0,0,0,0,0,0,4,2,4,0,0,0,0,0,8,0,0,0,0,0,0,0,0,0,0,0,1,0,0,0,0,0,0,0,0,1,10,0,0,0,0,0,0,0,0,0,0,0,2,0,2,0,0,0,1,0
ARH,0,0,1,0,0,10,8,2,6,1,1,5,3,1,17,3,3,7,0,2,4,3,1,2,3,1,0,25,16,0,0,0,0,0,0,0,0,0,0,2,0,0,0,0,214,3,0,0,0,0,0,1,0,0,0,0,6,0,0,0,0,0,0,0,3,0,0,0,0,0,0,0,1,0,0,0,0,2,0,0,0,0,0,0,0,5,32,0,4,0,2,0,0,0,1,0,0,0,0,0,0,0,0,0,0,0,0,0,1,0,15,5,0,8,0,1,0,0,1,0,0,0,0,0,0,0,0,0,0,0,0,0,1
ATach,10,9,7,0,3,15,22,3,23,10,8,24,41,10,120,5,7,13,0,3,12,3,15,10,24,100,0,78,25,6,0,0,3,0,0,1,1,0,2,1,0,2,0,0,3,340,14,2,0,0,0,3,0,1,0,4,6,0,0,0,0,0,1,0,1,2,1,0,0,0,0,4,0,5,2,0,0,4,0,1,1,1,0,1,0,9,48,0,2,0,4,44,5,0,1,0,2,2,0,0,0,0,0,4,0,0,0,0,2,0,42,28,4,11,0,19,0,7,1,0,1,0,0,0,0,0,0,0,0,0,0,0,1
AVB,9,292,1,1,0,6,1,3,15,1,9,9,9,1,1,2,3,3,0,13,12,9,22,0,3,3,0,85,18,8,0,0,0,0,0,0,1,0,1,0,0,0,0,0,0,14,323,0,0,0,0,0,0,0,0,4,2,0,0,0,0,0,4,0,1,1,0,0,0,0,0,3,0,11,0,0,0,1,0,0,0,0,0,3,0,15,42,0,3,0,0,47,2,0,0,0,0,0,0,0,0,0,0,1,0,1,0,0,0,0,23,11,6,8,0,0,0,0,0,0,0,0,0,0,0,0,0,0,0,0,0,0,0
AVD,0,25,3,1,0,5,5,0,2,2,0,0,0,1,2,25,2,2,0,2,1,0,1,5,19,10,0,7,6,0,0,0,0,0,0,0,0,0,0,2,0,0,0,0,0,2,0,59,14,0,0,1,0,0,0,0,0,0,3,0,0,0,0,0,0,3,0,0,0,0,0,1,0,0,0,0,0,6,0,1,0,0,0,0,0,1,3,0,2,0,0,0,0,0,0,0,9,0,0,0,0,0,0,0,0,1,0,0,0,0,14,5,0,0,0,0,0,0,1,0,0,1,1,0,0,0,0,0,0,0,0,0,0
AVJR,4,40,8,0,2,27,2,7,8,9,0,5,0,4,5,3,3,11,0,9,3,11,3,9,15,11,0,30,40,0,0,0,0,0,0,0,0,0,0,0,0,2,0,0,0,0,0,14,145,0,6,1,0,0,0,0,8,0,46,0,0,0,0,0,0,1,0,0,0,0,0,9,0,0,0,0,0,0,0,0,0,0,0,0,0,11,11,0,5,0,0,3,0,0,0,0,0,0,0,0,0,0,0,3,0,1,5,0,0,0,45,27,0,4,0,0,0,0,6,0,0,0,6,0,0,0,0,0,0,0,0,0,0
AVNRT,0,0,0,0,0,0,0,0,1,0,0,0,0,0,0,0,0,0,0,0,0,4,0,0,0,0,0,3,0,0,0,0,0,0,0,0,0,0,0,0,0,0,0,0,0,0,0,0,0,16,0,0,0,0,0,0,0,0,0,0,0,0,0,0,0,0,0,0,0,0,0,0,0,0,0,0,0,0,0,0,0,0,0,0,0,0,0,0,0,0,0,2,0,0,0,0,0,0,0,0,0,0,0,0,0,0,0,0,0,0,0,0,0,0,0,0,0,0,0,0,0,0,0,0,0,0,0,0,0,0,0,0,0
AVRT,0,0,0,0,0,0,0,0,1,0,0,0,0,0,1,6,1,1,0,1,0,0,0,1,2,0,0,3,1,0,0,0,0,0,0,0,0,0,0,0,0,0,0,0,0,0,0,0,6,0,21,0,0,0,0,1,1,0,0,0,0,0,0,0,0,0,0,0,0,0,0,1,0,0,0,0,0,1,0,0,0,0,0,0,0,0,1,0,0,0,0,1,0,0,0,0,0,0,0,0,0,0,0,0,0,0,0,0,0,0,2,1,0,0,0,0,0,0,0,0,0,0,0,0,0,0,0,0,0,0,0,0,0
BPAC,0,4,1,0,1,3,12,0,5,1,0,2,7,7,33,0,2,4,0,4,2,2,1,8,31,14,0,12,9,0,0,0,1,0,0,0,0,0,0,0,3,0,0,0,1,3,0,1,1,0,0,67,0,0,0,0,1,0,0,0,3,0,0,0,0,1,0,0,0,0,0,1,0,0,0,0,0,5,0,0,0,0,0,0,0,4,10,0,1,0,2,0,0,0,0,1,1,0,0,0,0,0,0,0,0,1,0,0,0,0,10,5,0,3,0,0,0,0,1,0,1,0,0,0,0,0,0,0,1,0,1,0,0
BRU,0,1,0,0,0,0,0,0,0,1,0,0,0,0,0,0,0,0,0,0,0,0,0,0,2,1,0,0,0,0,0,0,0,0,0,0,0,0,0,0,0,0,0,0,0,0,0,0,0,0,0,0,4,0,0,0,0,0,0,0,0,0,0,0,2,0,0,0,0,0,0,0,0,0,0,0,0,0,0,0,0,0,0,0,0,0,0,0,0,0,0,0,0,0,0,0,0,0,0,0,0,0,0,0,0,0,0,0,0,0,1,0,0,3,0,0,0,0,0,0,0,0,0,0,0,0,0,0,0,0,0,0,0
BTS,0,0,0,0,0,0,1,0,0,0,0,0,0,0,0,0,0,0,0,0,0,0,0,0,0,1,0,0,0,0,0,0,0,0,0,0,1,0,0,0,0,0,0,0,0,1,0,0,0,0,0,0,0,2,0,0,0,0,0,0,0,0,0,0,0,0,0,0,0,0,0,0,0,0,0,0,0,0,0,0,0,0,0,0,0,0,0,0,0,0,0,0,0,0,0,0,1,0,0,0,0,0,0,0,0,0,0,0,0,0,0,0,0,1,0,0,0,0,0,0,1,0,0,0,0,0,0,0,1,0,0,0,0
CAF,1,0,0,0,0,0,0,0,0,0,0,0,0,0,0,0,0,0,0,0,0,0,0,0,0,0,0,0,0,0,0,0,0,0,0,0,0,0,0,0,0,0,0,0,0,0,0,0,0,0,0,0,0,0,1,0,0,0,0,0,0,0,0,0,0,0,0,0,0,0,0,0,0,0,0,0,0,0,0,0,0,0,0,0,0,1,0,0,0,0,0,1,0,0,0,0,0,0,0,0,0,0,0,0,0,0,0,0,0,0,0,0,0,0,0,0,0,0,0,0,0,0,0,0,0,0,0,0,0,0,0,0,0
CCR,38,7,0,0,0,0,4,0,2,0,1,2,5,27,2,0,0,0,0,0,2,4,0,0,55,22,0,39,3,4,0,0,0,0,0,0,0,0,0,0,0,0,0,0,0,4,4,0,0,0,1,0,0,0,0,162,0,0,0,0,0,0,0,0,0,0,0,0,0,0,0,0,0,0,0,0,0,0,0,0,0,0,0,0,0,0,20,0,0,0,0,21,0,0,0,0,0,0,0,0,0,0,0,0,1,0,0,0,0,0,0,12,4,0,0,7,0,0,0,0,0,0,0,0,0,0,0,0,0,0,0,0,0
CVCL/CCVCL,0,174,30,0,8,24,21,4,79,43,1,28,5,97,34,8,19,29,1,9,39,74,2,29,167,181,0,149,100,0,0,0,0,0,0,0,1,0,0,2,0,0,0,0,6,6,2,0,8,0,1,1,0,0,0,0,653,0,3,0,0,0,0,0,6,1,0,0,0,0,0,0,0,0,0,0,0,0,0,0,0,0,0,0,2,3,49,0,0,0,0,0,0,0,1,0,1,1,0,0,5,0,0,9,0,0,0,0,0,0,83,29,0,24,0,3,0,20,1,0,0,2,0,0,0,0,0,0,0,0,0,0,1
CD,8,1,0,0,0,0,0,0,0,0,0,0,0,0,0,0,0,0,0,0,0,0,0,0,0,0,0,0,0,0,0,0,0,0,0,0,0,0,0,0,0,0,0,0,0,0,0,0,0,0,0,0,0,0,0,0,0,16,0,2,3,0,0,0,0,0,0,1,0,0,0,0,0,0,0,0,0,0,0,0,0,0,0,0,0,0,0,0,0,0,0,0,0,0,0,0,0,0,0,0,0,0,0,0,0,0,0,0,0,0,0,0,0,0,0,0,0,0,0,0,0,0,0,0,0,0,0,0,0,0,0,0,1
CHB,4,37,3,9,0,30,0,8,10,8,4,7,0,13,5,10,2,12,0,6,4,4,6,3,14,18,0,24,20,0,0,4,0,0,0,0,0,0,1,0,0,0,0,0,0,0,0,3,46,0,0,0,0,0,0,0,3,0,127,0,0,0,0,0,0,0,0,0,0,0,0,0,1,0,3,0,0,8,0,0,0,1,0,2,1,7,7,0,12,5,0,9,2,0,0,0,0,0,0,0,0,0,0,3,0,0,0,0,0,0,23,10,1,4,0,0,0,0,2,0,0,3,15,0,0,0,0,0,0,0,0,0,0
CIAHB,0,0,0,0,0,0,0,0,0,0,0,0,0,0,0,0,0,0,0,0,0,0,0,0,0,0,0,0,0,0,0,0,0,0,0,0,0,0,0,0,0,0,0,0,0,0,0,0,0,0,0,0,0,0,0,0,0,2,0,2,0,0,0,0,0,0,0,0,0,0,0,0,0,0,0,0,0,0,0,0,0,0,0,0,0,0,0,0,0,0,0,0,0,0,0,0,0,0,0,0,0,0,0,0,0,0,0,0,0,0,0,0,0,0,0,0,0,0,0,0,0,0,0,0,0,0,0,0,0,0,0,0,0
CHD,3,0,2,4,0,0,0,0,0,0,0,0,0,0,3,0,0,0,0,0,0,0,0,0,0,5,1,0,0,0,0,0,0,0,0,0,0,0,0,0,3,0,0,0,0,0,0,0,0,0,0,3,0,0,0,0,0,3,0,0,37,0,0,0,0,4,0,1,0,0,0,0,0,0,0,0,0,0,0,0,0,0,0,0,0,10,0,0,9,0,0,0,0,0,0,1,2,0,0,0,0,0,2,0,0,0,0,0,0,0,0,0,0,0,0,0,0,0,0,0,10,0,0,1,0,2,0,0,8,2,1,0,0
CMI,10,2,0,12,0,4,6,1,0,0,1,0,0,0,1,0,0,5,0,0,0,0,0,1,3,13,1,0,0,0,0,0,0,0,0,0,0,0,0,1,0,2,0,0,0,0,0,0,0,0,0,0,0,0,0,0,0,0,0,0,0,161,0,0,0,0,0,0,0,0,0,3,0,0,0,0,0,0,0,0,0,0,1,0,0,0,0,0,65,2,0,22,82,0,0,0,0,0,0,0,0,0,0,0,0,1,0,0,0,0,0,0,1,0,0,1,0,0,0,0,0,0,0,0,0,1,0,0,0,0,0,0,0
CR,16,7,0,0,0,0,4,0,22,0,15,1,4,3,5,0,0,0,0,0,5,24,12,0,6,32,0,22,3,4,0,0,0,0,0,0,0,0,0,0,0,0,0,0,0,1,4,0,0,0,0,0,0,0,0,0,0,0,0,0,0,0,76,0,0,0,0,0,0,0,0,0,0,0,0,0,0,0,0,0,0,0,0,0,0,0,0,0,1,0,0,1,0,0,0,0,0,2,0,0,1,1,0,0,0,0,0,0,0,0,0,1,3,0,0,11,0,0,0,0,0,1,0,0,0,0,0,0,0,0,0,0,0
DIB,0,0,0,0,0,0,0,0,0,0,0,0,0,0,0,0,0,1,0,0,0,0,0,0,0,0,0,0,0,0,0,0,0,0,0,0,0,0,0,0,0,0,0,0,0,0,0,0,0,0,0,0,0,0,0,0,0,0,0,0,0,0,0,1,0,0,0,0,0,0,0,0,0,0,0,0,0,0,0,0,0,0,0,0,0,0,0,0,0,0,0,0,0,0,0,0,0,0,0,0,0,0,0,0,0,0,0,0,0,0,0,0,0,1,0,0,0,0,0,0,0,0,0,0,0,0,0,0,0,0,0,0,0
ERe,3,14,2,0,0,0,20,3,5,2,0,0,2,36,6,0,3,1,0,5,3,2,2,32,348,15,0,42,12,3,0,0,1,0,0,1,0,0,0,0,0,0,1,0,3,1,1,0,0,0,0,0,2,0,0,0,6,0,0,0,0,0,0,0,506,0,0,0,0,0,0,1,1,2,0,0,0,1,0,0,0,8,0,2,1,35,83,0,0,0,0,12,0,0,1,0,0,1,0,1,0,0,0,0,0,0,0,0,0,1,2,1,36,270,0,0,0,0,0,0,0,0,0,0,0,2,0,0,0,0,0,0,0
FB,0,71,1,0,3,7,2,2,6,3,1,3,2,2,4,87,4,12,0,1,5,1,0,1,5,14,0,35,32,1,0,0,0,1,1,0,0,0,0,2,1,0,0,0,0,2,1,3,1,0,0,1,0,0,0,0,1,0,0,0,4,0,0,0,0,119,0,0,0,0,0,0,0,0,0,0,0,0,0,0,0,0,0,0,0,8,11,0,1,0,0,0,0,0,0,1,5,0,0,0,0,0,0,0,0,0,2,0,0,0,29,9,0,1,0,2,0,0,1,0,4,1,0,0,0,0,0,0,4,0,0,0,0
FQRS,1,0,0,0,0,0,0,0,0,0,0,1,0,1,0,0,0,0,0,0,0,0,0,0,0,0,0,2,0,0,0,0,0,0,0,0,0,0,0,0,0,0,0,0,0,1,0,0,0,0,0,0,0,0,0,0,0,0,0,0,0,0,0,0,0,0,3,0,0,0,0,0,0,0,0,0,0,0,0,0,0,0,0,0,0,0,0,0,0,0,0,0,0,0,0,0,0,0,0,0,0,0,0,0,0,0,0,0,0,0,0,0,1,0,0,0,0,0,0,0,0,0,0,0,0,0,0,0,0,0,0,0,0
HF,1,0,0,0,0,0,0,0,0,0,0,0,0,0,0,0,0,0,0,0,0,0,0,0,0,0,0,0,0,0,0,0,0,0,0,0,0,0,0,0,0,0,0,0,0,0,0,0,0,0,0,0,0,0,0,0,0,1,0,0,1,0,0,0,0,0,0,7,0,0,0,0,0,0,0,0,0,0,0,0,0,0,0,0,0,0,0,0,0,0,0,0,0,0,0,0,0,0,0,0,0,0,0,0,0,0,0,0,0,0,0,0,0,0,0,0,0,0,0,0,0,0,0,0,0,2,0,0,0,0,0,0,0
HVD,0,0,0,0,0,0,0,0,0,0,0,0,0,0,0,0,0,0,0,0,0,0,0,0,0,1,0,0,0,0,0,0,0,0,0,0,0,0,0,0,0,0,0,0,0,0,0,0,0,0,0,0,0,0,0,0,0,0,0,0,0,0,0,0,0,0,0,0,6,0,0,0,0,0,0,0,0,0,0,0,0,0,0,0,0,0,0,0,0,0,0,0,0,0,0,0,0,0,0,0,0,0,0,0,0,0,0,0,0,0,0,0,0,0,0,0,0,0,0,0,0,0,0,0,0,0,0,0,0,0,0,0,0
HTV,0,0,0,0,0,0,0,0,0,0,0,0,0,0,0,0,0,0,0,0,0,0,0,1,0,0,0,0,0,0,0,0,0,0,0,0,0,0,0,0,0,0,0,0,0,0,0,0,0,0,0,0,0,0,0,0,0,0,0,0,0,0,0,0,0,0,0,0,0,1,0,0,0,0,0,0,0,0,0,0,0,0,0,0,0,0,0,0,0,0,0,0,0,0,0,0,0,0,0,0,0,0,0,0,0,0,0,0,0,0,0,0,0,1,0,0,0,0,0,0,0,0,0,0,0,0,0,0,0,0,0,0,0
ICA,12,0,0,0,0,8,5,11,0,14,11,6,7,134,8,1,0,0,3,1,10,0,0,1,9,8,0,21,4,0,0,1,0,0,0,0,0,0,0,4,0,0,0,0,0,0,0,0,0,0,0,0,0,0,0,0,0,0,0,0,0,0,0,0,0,0,0,0,0,0,156,0,0,0,0,0,0,0,0,0,0,7,0,0,0,21,0,0,25,12,0,8,0,0,0,0,0,0,0,0,3,0,0,2,0,0,0,0,0,0,6,11,3,0,0,0,0,0,0,3,7,0,0,0,0,1,0,0,0,0,0,0,0
IIAVB,7,37,6,2,1,9,6,8,16,4,1,1,4,3,3,4,4,5,1,9,5,2,4,5,20,17,0,28,18,1,0,2,0,1,0,0,0,0,0,0,0,0,0,0,0,4,3,1,9,0,1,1,0,0,0,0,0,0,0,0,0,3,0,0,1,0,0,0,0,0,0,124,0,0,4,0,0,9,0,0,0,0,1,4,1,14,10,0,3,6,0,11,1,0,0,0,0,0,0,0,0,0,0,1,0,0,0,0,0,0,22,14,1,7,0,1,0,0,0,0,2,1,5,0,0,0,0,0,0,0,0,0,0
IIAVBII,0,0,2,0,1,1,2,0,0,0,0,0,0,3,1,0,0,0,0,0,0,1,0,1,2,1,0,1,0,0,0,0,0,0,0,0,0,0,0,0,0,0,0,0,1,0,0,0,0,0,0,0,0,0,0,0,0,0,1,0,0,0,0,0,1,0,0,0,0,0,0,0,7,0,0,0,0,3,0,0,0,0,0,0,0,0,0,0,0,0,0,0,0,0,0,0,0,0,0,0,0,0,0,0,0,0,0,0,0,1,1,0,0,1,0,0,0,1,0,0,0,1,0,0,0,0,0,0,0,0,0,0,0
IIs,92,23,0,1,0,11,29,32,50,20,3,18,23,142,31,0,0,0,1,101,124,19,42,19,45,76,2,412,70,15,0,26,0,0,4,3,0,0,27,4,0,0,4,1,0,5,11,0,0,0,0,0,0,0,0,0,0,0,0,0,0,0,0,0,2,0,0,0,0,0,0,0,0,670,4,0,0,1,0,0,0,39,0,22,12,73,0,0,39,73,0,44,0,0,0,0,0,0,1,0,3,0,0,14,0,0,0,0,0,0,3,23,3,74,0,2,0,0,0,1,16,0,0,0,0,6,0,3,0,0,0,1,1
ILBBB,29,5,2,3,0,1,30,1,50,5,15,0,2,47,12,0,0,4,3,22,5,0,2,3,13,27,3,34,12,11,0,19,0,0,1,0,0,0,1,3,0,0,0,0,0,2,0,0,0,0,0,0,0,0,0,0,0,0,3,0,0,0,0,0,0,0,0,0,0,0,0,4,0,4,211,0,0,1,0,0,0,16,0,28,0,35,2,0,41,31,0,43,16,0,0,0,0,0,0,0,0,0,0,0,0,0,0,0,1,0,6,4,2,21,0,0,0,0,1,0,13,0,0,0,0,3,0,0,0,0,0,0,0
ISTD,0,0,0,0,0,0,0,0,0,0,0,0,0,0,0,0,0,0,0,0,0,0,0,0,0,0,0,0,0,0,0,0,0,0,0,0,0,0,0,0,0,0,0,0,0,0,0,0,0,0,0,0,0,0,0,0,0,0,0,0,0,0,0,0,0,0,0,0,0,0,0,0,0,0,0,1,0,0,0,0,0,0,0,0,0,1,0,0,0,0,0,0,1,0,0,0,0,0,0,0,0,0,0,0,0,0,0,0,0,0,0,1,0,0,0,0,0,0,0,0,0,0,0,0,0,0,0,0,0,0,0,0,0
IR,0,0,0,0,0,0,0,0,0,0,0,0,0,0,0,0,0,0,0,0,0,0,0,0,0,0,0,0,0,0,0,0,0,0,0,0,1,0,0,0,0,0,0,0,0,0,0,0,0,0,0,0,0,0,0,0,0,0,0,0,0,0,0,0,0,0,0,0,0,0,0,0,0,0,0,0,2,0,0,0,0,0,0,0,0,0,0,0,0,0,0,0,0,0,0,0,1,0,0,0,0,0,0,0,0,0,0,0,0,0,0,0,1,0,0,0,0,0,0,1,1,0,0,0,0,0,0,0,1,0,0,0,0
JE,1,10,2,1,0,9,9,1,8,2,1,3,2,4,25,0,5,9,0,7,5,3,0,17,44,7,1,24,9,3,0,0,1,0,0,0,0,0,0,0,0,0,0,0,2,4,1,6,0,0,1,5,0,0,0,0,0,0,8,0,0,0,0,0,1,0,0,0,0,0,0,9,3,1,1,0,0,84,0,0,0,0,0,0,0,0,17,0,2,0,3,10,0,0,0,0,0,0,0,0,0,0,0,1,1,1,7,0,0,1,13,7,1,3,0,0,0,2,1,0,0,2,0,0,0,0,0,0,0,0,0,0,0
JPC,0,0,0,0,0,0,0,0,1,0,0,2,0,1,2,1,0,0,0,0,0,0,0,1,3,4,0,2,2,0,0,0,0,0,0,0,0,0,0,0,0,0,0,0,0,0,0,0,0,0,0,0,0,0,0,0,0,0,0,0,0,0,0,0,0,0,0,0,0,0,0,0,0,0,0,0,0,0,13,2,0,0,0,0,0,1,0,0,0,0,0,1,0,0,0,0,0,0,0,0,0,0,0,0,0,0,0,0,0,0,3,2,0,0,0,0,0,0,0,0,0,0,0,0,0,0,0,0,0,0,0,0,0
JTach,1,1,1,0,1,1,0,1,1,0,0,2,0,1,5,0,0,1,0,2,0,1,1,0,0,4,0,6,4,0,0,0,0,0,0,0,0,0,1,0,0,0,1,0,0,1,0,1,0,0,0,0,0,0,0,0,0,0,0,0,0,0,0,0,0,0,0,0,0,0,0,0,0,0,0,0,0,0,2,30,0,0,0,0,0,0,5,0,0,1,0,2,2,0,0,0,0,0,0,0,0,0,0,0,0,0,0,0,1,0,9,6,0,1,0,3,0,0,0,0,0,0,0,0,0,0,0,0,0,0,0,0,0
LAA,1,0,2,0,0,0,6,0,6,2,2,0,3,0,3,0,0,0,0,11,1,1,1,0,12,24,0,5,2,2,0,0,0,0,0,0,0,0,2,0,0,0,0,0,0,1,0,0,0,0,0,0,0,0,0,0,0,0,0,0,0,0,0,0,0,0,0,0,0,0,0,0,0,0,0,0,0,0,0,0,72,0,0,6,1,13,0,0,0,0,0,9,0,0,0,0,0,0,0,0,0,0,0,0,0,0,0,0,1,0,0,1,5,3,0,0,0,0,0,0,0,0,1,0,0,1,0,0,0,0,0,0,0
LAE,7,4,43,0,0,30,179,75,221,73,93,8,62,343,63,0,0,0,35,187,40,22,53,40,106,195,4,226,95,42,0,86,0,0,0,0,0,1,24,8,0,0,0,0,0,1,0,0,0,0,0,0,0,0,0,0,0,0,1,0,0,0,0,0,8,0,0,0,0,0,7,0,0,39,16,0,0,0,0,0,0,1298,0,97,12,189,0,1,162,97,0,200,0,0,0,0,0,0,0,1,16,0,0,9,0,0,0,0,0,0,19,52,7,156,0,1,0,0,0,1,56,0,0,0,0,34,0,0,0,0,0,0,0
LAH,0,0,2,1,0,1,2,1,1,0,2,0,1,2,1,0,0,3,0,1,2,0,0,0,1,11,3,1,2,0,0,0,0,0,0,0,0,0,0,1,0,0,0,0,0,0,0,0,0,0,0,0,0,0,0,0,0,0,0,0,0,1,0,0,0,0,0,0,0,0,0,1,0,0,0,0,0,0,0,0,0,0,45,0,0,9,0,0,9,3,0,17,21,0,0,0,1,0,0,0,6,0,0,7,0,0,0,0,0,0,3,2,1,4,0,0,0,1,0,1,0,0,0,0,0,1,0,0,0,0,0,0,0
LIs,103,16,2,0,0,5,87,24,201,37,12,34,49,87,70,0,0,0,2,147,170,3,70,34,110,111,3,692,129,40,0,55,0,0,2,2,0,0,17,6,0,1,7,4,0,1,3,0,0,0,0,0,0,0,0,0,0,0,2,0,0,0,0,0,2,0,0,0,0,0,0,4,0,22,28,0,0,0,0,0,6,97,0,1045,1,132,0,0,89,12,0,73,0,0,0,0,0,0,1,0,1,0,0,8,0,0,0,0,0,0,1,12,9,104,0,3,0,0,0,1,22,0,0,0,0,5,0,3,0,0,0,1,0
LPFB,40,6,0,0,0,89,24,36,8,3,1,0,11,107,4,0,1,1,5,5,9,103,5,6,5,17,3,15,7,1,0,44,0,0,2,1,0,0,0,8,0,0,1,2,0,0,0,0,0,0,0,0,0,0,0,0,2,0,1,0,0,0,0,0,1,0,0,0,0,0,0,1,0,12,0,0,0,0,0,0,1,12,0,1,207,5,1,0,79,9,0,10,0,0,0,0,0,0,0,0,12,0,0,29,0,0,0,0,0,0,9,10,0,5,0,0,0,0,1,0,11,0,0,0,0,0,0,1,0,0,0,0,0
LVH,365,426,33,23,3,28,218,97,704,189,32,4,180,1759,186,31,20,63,66,252,152,17,41,120,365,284,24,632,522,44,1,383,1,0,4,0,0,0,32,45,3,5,17,4,5,9,15,1,11,0,0,4,0,0,1,0,3,0,7,0,10,0,0,0,35,8,0,0,0,0,21,14,0,73,35,1,0,0,1,0,13,189,9,132,5,4368,2,1,692,1225,0,404,23,0,3,1,5,5,1,1,10,1,0,23,0,2,0,0,2,0,569,657,39,192,0,10,0,3,14,11,219,0,0,0,0,60,0,2,4,0,3,0,1
LVHV,367,1427,67,2,30,114,169,47,155,30,18,11,157,392,250,95,101,213,10,63,111,42,70,192,2443,365,0,1180,517,56,1,0,2,0,2,0,1,0,0,1,1,0,0,0,32,48,42,3,11,0,1,10,0,0,0,20,49,0,7,0,0,0,0,0,83,11,0,0,0,0,0,10,0,0,2,0,0,17,0,5,0,0,0,0,1,2,5194,0,10,0,6,277,0,0,18,0,4,23,0,0,2,5,0,0,2,1,2,0,2,0,841,356,29,129,0,26,0,11,25,0,0,11,0,0,0,0,0,0,0,0,1,2,9
LVS,0,0,0,0,0,0,0,0,0,0,0,0,0,0,0,0,0,0,0,0,0,0,0,0,0,0,0,0,0,0,0,0,0,0,0,0,0,0,0,0,0,0,0,0,0,0,0,0,0,0,0,0,0,0,0,0,0,0,0,0,0,0,0,0,0,0,0,0,0,0,0,0,0,0,0,0,0,0,0,0,0,1,0,0,0,1,0,1,0,0,0,1,0,0,0,0,0,0,0,0,0,0,0,0,0,0,0,0,0,0,0,0,0,0,0,0,0,0,0,0,0,0,0,0,0,0,0,0,0,0,0,0,0
MI,614,36,6,16,0,294,403,259,2236,721,45,57,358,3797,125,6,2,46,132,28,467,158,6,160,139,329,65,394,211,8,0,2644,1,0,1,0,12,0,27,169,0,0,0,0,4,2,3,2,5,0,0,1,0,0,0,0,0,0,12,0,9,65,1,0,0,1,0,0,0,0,25,3,0,39,41,0,0,2,0,0,0,162,9,89,79,692,10,0,6138,805,1,202,60,1,1,0,6,2,0,1,30,0,2,22,0,3,1,0,0,0,128,407,39,53,0,14,0,1,0,24,481,0,0,25,0,6,0,0,2,8,6,0,7
MIs,452,7,0,8,0,19,121,79,580,193,12,9,180,1385,63,2,0,14,60,11,84,26,0,53,56,120,24,163,151,0,0,464,0,0,0,0,0,0,6,55,0,0,0,0,0,0,0,0,0,0,0,0,0,0,0,0,0,0,5,0,0,2,0,0,0,0,0,0,0,0,12,6,0,73,31,0,0,0,0,1,0,97,3,12,9,1225,0,0,805,2559,0,183,69,0,0,0,0,0,0,0,16,0,0,6,0,0,0,0,0,0,45,462,2,0,0,6,0,0,0,12,212,0,0,1,0,9,0,0,0,0,3,0,0
MoI,0,1,0,0,0,0,3,0,0,0,0,0,0,2,2,2,0,2,4,1,0,0,0,3,11,10,0,9,4,0,0,0,0,0,0,0,0,0,0,0,0,0,0,0,2,4,0,0,0,0,0,2,0,0,0,0,0,0,0,0,0,0,0,0,0,0,0,0,0,0,0,0,0,0,0,0,0,3,0,0,0,0,0,0,0,0,6,0,1,0,34,1,0,0,1,0,0,1,0,0,0,0,0,0,0,0,0,0,0,0,4,3,0,0,0,0,0,0,0,0,1,2,0,0,0,0,0,0,1,0,0,0,0
NSSTTA,764,129,1,111,0,43,203,135,228,66,55,113,112,308,245,4,0,78,17,408,108,66,100,82,426,735,25,662,458,161,0,45,0,0,8,1,0,1,32,26,1,13,16,8,0,44,47,0,3,2,1,0,0,0,1,21,0,0,9,0,0,22,1,0,12,0,0,0,0,0,8,11,0,44,43,0,0,10,1,2,9,200,17,73,10,404,277,1,202,183,1,4712,212,0,0,1,0,17,1,2,12,2,0,26,1,2,0,0,3,0,32,473,58,277,0,69,0,0,2,3,34,4,0,1,0,17,4,2,0,1,2,1,0
OldMI,79,4,0,107,0,63,25,41,0,0,20,0,0,2,17,1,0,49,0,0,1,0,1,4,12,165,8,12,2,1,0,0,0,0,0,0,0,0,0,2,0,12,1,0,0,5,2,0,0,0,0,0,0,0,0,0,0,0,2,0,0,82,0,0,0,0,0,0,0,0,0,1,0,0,16,1,0,0,0,2,0,0,21,0,0,23,0,0,60,69,0,212,1168,0,0,0,0,0,0,0,11,0,0,12,0,0,0,0,0,1,0,20,7,23,0,1,0,0,0,1,0,0,0,1,0,2,1,0,0,0,2,0,0
PAF,0,0,1,0,0,0,0,0,0,0,0,0,0,0,0,0,0,0,0,0,0,0,0,0,0,0,0,0,0,0,0,0,0,0,0,0,0,0,0,0,0,0,0,0,0,0,0,0,0,0,0,0,0,0,0,0,0,0,0,0,0,0,0,0,0,0,0,0,0,0,0,0,0,0,0,0,0,0,0,0,0,0,0,0,0,0,0,0,1,0,0,0,0,2,0,0,0,0,0,0,0,0,0,0,0,0,0,0,0,0,0,0,0,0,0,0,0,0,0,0,0,0,0,0,0,0,0,0,0,0,0,0,1
PPW,0,0,1,0,2,5,10,0,5,1,0,0,0,12,11,2,3,2,0,1,3,3,0,11,38,23,0,17,9,0,0,0,1,0,0,0,0,0,0,1,0,0,0,0,1,1,0,0,0,0,0,0,0,0,0,0,1,0,0,0,0,0,0,0,1,0,0,0,0,0,0,0,0,0,0,0,0,0,0,0,0,0,0,0,0,3,18,0,1,0,1,0,0,0,80,0,0,0,0,0,0,0,0,0,0,0,0,0,0,0,17,8,0,4,0,0,0,0,2,0,0,0,0,0,0,0,0,0,0,0,0,0,0
PSVT,1,0,0,0,0,0,0,1,2,0,0,0,0,2,1,0,0,0,0,0,0,1,0,0,0,1,3,1,0,0,0,2,0,0,0,0,0,0,0,0,1,0,0,0,0,0,0,0,0,0,0,1,0,0,0,0,0,0,0,0,1,0,0,0,0,1,0,0,0,0,0,0,0,0,0,0,0,0,0,0,0,0,0,0,0,1,0,0,0,0,0,1,0,0,0,27,0,0,0,0,0,0,0,0,0,0,0,1,0,0,6,1,0,0,0,9,0,0,0,0,2,0,0,0,0,0,0,0,3,0,0,0,0
PVT,0,17,1,1,2,4,1,0,0,1,0,0,2,13,7,4,2,26,0,5,5,2,0,0,0,21,0,6,3,0,0,0,0,0,0,0,3,0,0,3,1,0,0,0,0,2,0,9,0,0,0,1,0,1,0,0,1,0,0,0,2,0,0,0,0,5,0,0,0,0,0,0,0,0,0,0,1,0,0,0,0,0,1,0,0,5,4,0,6,0,0,0,0,0,0,0,78,0,0,0,1,0,0,1,0,0,1,1,0,0,26,4,0,2,0,2,0,0,1,2,8,0,0,0,0,0,0,0,6,0,0,0,1
PWC,0,4,4,0,0,2,9,1,8,2,2,5,2,15,15,1,3,3,0,4,6,9,2,0,22,89,0,31,10,6,0,0,0,0,0,0,0,0,0,2,0,0,0,0,0,2,0,0,0,0,0,0,0,0,0,0,1,0,0,0,0,0,2,0,1,0,0,0,0,0,0,0,0,0,0,0,0,0,0,0,0,0,0,0,0,5,23,0,2,0,1,17,0,0,0,0,0,130,0,0,1,1,0,1,0,0,0,0,0,0,13,6,2,4,0,0,0,0,0,0,0,0,0,0,0,0,0,0,0,0,0,0,0
RAAb,0,0,0,0,0,0,0,0,1,0,0,0,0,0,1,0,0,0,0,3,0,2,1,0,0,7,0,2,0,1,0,0,0,0,0,0,0,0,1,0,0,0,0,0,0,0,0,0,0,0,0,0,0,0,0,0,0,0,0,0,0,0,0,0,0,0,0,0,0,0,0,0,0,1,0,0,0,0,0,0,0,0,0,1,0,1,0,0,0,0,0,1,0,0,0,0,0,0,14,0,0,0,0,0,0,0,0,0,0,0,0,0,0,3,0,0,0,0,0,0,0,0,0,0,0,0,0,1,0,0,0,0,0
RAb,0,0,0,0,0,0,0,0,0,0,0,0,0,0,0,0,0,0,0,2,0,0,0,0,0,1,0,2,0,0,0,0,0,0,0,0,0,0,0,0,0,0,0,0,0,0,0,0,0,0,0,0,0,0,0,0,0,0,0,0,0,0,0,0,1,0,0,0,0,0,0,0,0,0,0,0,0,0,0,0,0,1,0,0,0,1,0,0,1,0,0,2,0,0,0,0,0,0,0,11,0,0,0,0,0,0,0,0,0,0,0,0,1,0,0,0,0,0,0,0,0,0,0,0,0,0,0,0,0,0,0,0,0
RAH,0,0,1,0,0,4,7,16,16,9,3,2,7,67,7,1,1,4,1,4,2,27,1,2,2,51,2,12,8,0,0,19,0,0,0,0,0,0,0,5,0,0,0,0,0,0,0,0,0,0,0,0,0,0,0,0,5,0,0,0,0,0,1,0,0,0,0,0,0,0,3,0,0,3,0,0,0,0,0,0,0,16,6,1,12,10,2,0,30,16,0,12,11,0,0,0,1,1,0,0,141,0,0,30,0,0,0,0,0,0,9,13,0,2,0,0,0,13,1,1,5,0,0,0,0,0,0,0,0,0,0,0,0
RAHV,0,0,0,0,0,1,1,0,0,0,0,1,1,1,3,0,2,2,0,0,0,0,0,0,0,18,0,6,0,1,0,0,0,0,1,0,0,0,0,0,0,0,0,0,0,0,0,0,0,0,0,0,0,0,0,0,0,0,0,0,0,0,1,0,0,0,0,0,0,0,0,0,0,0,0,0,0,0,0,0,0,0,0,0,0,1,5,0,0,0,0,2,0,0,0,0,0,1,0,0,0,19,0,3,0,0,0,0,0,0,2,0,0,0,0,0,0,0,0,0,0,0,0,0,0,0,0,0,0,0,0,0,0
RAF,0,0,0,0,0,0,0,0,0,0,0,0,0,0,0,0,0,0,0,0,0,0,0,0,0,0,0,0,0,0,0,0,0,0,0,0,0,0,0,0,0,0,0,0,0,0,0,0,0,0,0,0,0,0,0,0,0,0,0,0,2,0,0,0,0,0,0,0,0,0,0,0,0,0,0,0,0,0,0,0,0,0,0,0,0,0,0,0,2,0,0,0,0,0,0,0,0,0,0,0,0,0,2,0,0,0,0,0,0,0,0,0,0,0,0,0,0,0,0,0,0,0,0,0,0,0,0,0,0,0,0,0,0
RVH,10,42,8,0,0,88,18,88,45,40,2,6,1,106,19,2,5,7,1,27,21,66,13,8,13,67,3,51,26,5,0,26,0,0,1,1,0,0,1,4,0,0,5,1,0,4,1,0,3,0,0,0,0,0,0,0,9,0,3,0,0,0,0,0,0,0,0,0,0,0,2,1,0,14,0,0,0,1,0,0,0,9,7,8,29,23,0,0,22,6,0,26,12,0,0,0,1,1,0,0,30,3,0,328,0,0,0,0,0,0,15,4,1,29,0,5,0,10,0,0,4,0,2,0,0,17,0,0,0,0,0,0,0
SAAWR,0,0,0,0,0,0,0,0,0,0,0,0,0,0,2,0,0,0,0,0,0,0,0,0,0,0,0,1,0,0,0,0,0,0,0,0,0,0,0,0,0,0,0,0,0,0,0,0,0,0,0,0,0,0,0,1,0,0,0,0,0,0,0,0,0,0,0,0,0,0,0,0,0,0,0,0,0,1,0,0,0,0,0,0,0,0,2,0,0,0,0,1,0,0,0,0,0,0,0,0,0,0,0,0,7,0,0,0,0,0,0,0,0,0,0,0,0,0,1,0,0,0,0,0,0,0,0,0,0,0,0,0,0
SAB,0,0,1,2,0,0,1,0,0,1,0,0,0,0,0,0,0,3,0,1,0,0,0,2,3,1,0,0,1,0,0,0,0,0,0,0,0,0,0,1,0,0,0,0,0,0,1,1,1,0,0,1,0,0,0,0,0,0,0,0,0,1,0,0,0,0,0,0,0,0,0,0,0,0,0,0,0,1,0,0,0,0,0,0,0,2,1,0,3,0,0,2,0,0,0,0,0,0,0,0,0,0,0,0,0,14,1,0,0,0,2,1,1,0,0,0,0,0,1,0,0,0,0,0,0,0,0,0,0,0,0,0,0
SARR,0,1,2,1,0,2,3,0,1,1,0,0,0,0,0,7,0,2,0,0,0,0,0,4,7,0,0,3,3,0,0,0,0,1,0,0,0,0,0,0,0,0,0,0,0,0,0,0,5,0,0,0,0,0,0,0,0,0,0,0,0,0,0,0,0,2,0,0,0,0,0,0,0,0,0,0,0,7,0,0,0,0,0,0,0,0,2,0,1,0,0,0,0,0,0,0,1,0,0,0,0,0,0,0,0,1,33,0,0,0,3,4,0,2,0,0,0,0,0,0,0,7,5,0,0,0,0,0,0,0,0,0,0
SND,0,0,0,0,0,0,0,0,0,0,0,0,0,0,0,0,0,0,0,0,0,0,0,0,0,0,0,0,0,0,0,0,0,0,0,0,0,0,0,0,0,0,0,0,0,0,0,0,0,0,0,0,0,0,0,0,0,0,0,0,0,0,0,0,0,0,0,0,0,0,0,0,0,0,0,0,0,0,0,0,0,0,0,0,0,0,0,0,0,0,0,0,0,0,0,1,1,0,0,0,0,0,0,0,0,0,0,2,0,0,0,0,0,0,0,0,0,0,0,0,0,0,0,0,0,0,0,0,1,0,0,0,0
SPRI,0,0,0,0,0,0,0,0,1,1,0,0,1,4,5,0,0,0,0,0,1,1,0,2,10,4,0,2,3,0,0,0,0,0,0,0,0,0,0,0,0,0,0,0,1,2,0,0,0,0,0,0,0,0,0,0,0,0,0,0,0,0,0,0,0,0,0,0,0,0,0,0,0,0,1,0,0,0,0,1,1,0,0,0,0,2,2,0,0,0,0,3,0,0,0,0,0,0,0,0,0,0,0,0,0,0,0,0,24,0,3,2,0,3,0,0,0,0,0,0,0,0,0,0,0,0,0,0,0,0,0,0,0
SQT,0,0,0,0,0,0,1,0,0,0,0,0,0,0,0,0,0,0,0,0,0,0,0,1,1,0,0,0,0,0,0,0,0,0,0,0,0,0,0,0,0,0,0,0,0,0,0,0,0,0,0,0,0,0,0,0,0,0,0,0,0,0,0,0,1,0,0,0,0,0,0,0,1,0,0,0,0,1,0,0,0,0,0,0,0,0,0,0,0,0,0,0,1,0,0,0,0,0,0,0,0,0,0,0,0,0,0,0,0,2,0,0,0,1,0,0,0,0,0,0,0,0,0,0,0,0,0,0,0,0,0,0,0
STC,217,2229,140,5,33,217,138,74,300,125,7,78,191,727,215,159,129,283,21,109,164,112,22,123,586,550,4,198,806,0,5,37,3,1,3,0,8,0,0,17,0,0,0,0,15,42,23,14,45,0,2,10,1,0,0,0,83,0,23,0,0,0,0,0,2,29,0,0,0,0,6,22,1,3,6,0,0,13,3,9,0,19,3,1,9,569,841,0,128,45,4,32,0,0,17,6,26,13,0,0,9,2,0,15,0,2,3,0,3,0,4513,1012,3,95,0,56,0,18,44,4,57,7,3,1,0,1,0,0,0,0,2,0,2
STD,439,674,53,5,2,63,103,46,185,111,13,39,153,806,171,65,48,101,62,51,206,45,51,51,279,320,2,780,1115,24,1,6,2,0,2,0,7,0,3,34,0,0,2,0,5,28,11,5,27,0,1,5,0,0,0,12,29,0,10,0,0,0,1,0,1,9,0,0,0,0,11,14,0,23,4,1,0,7,2,6,1,52,2,12,10,657,356,0,407,462,3,473,20,0,8,1,4,6,0,0,13,0,0,4,0,1,4,0,2,0,1012,3513,50,73,0,21,1,6,4,3,112,4,2,0,0,2,0,0,1,0,1,0,2
STE,34,15,0,9,0,3,32,5,32,5,14,17,10,42,21,1,0,1,1,25,45,11,32,7,95,79,0,99,43,17,0,0,0,0,0,0,2,0,2,14,0,0,1,1,0,4,6,0,0,0,0,0,0,0,0,4,0,0,1,0,0,1,3,0,36,0,1,0,0,0,3,1,0,3,2,0,1,1,0,0,5,7,1,9,0,39,29,0,39,2,0,58,7,0,0,0,0,2,0,1,0,0,0,1,0,1,0,0,0,0,3,50,628,18,0,2,0,0,0,0,4,1,0,0,0,4,0,1,1,0,0,0,0
STIAb,79,142,27,50,7,54,124,91,95,48,14,58,37,73,108,7,28,30,0,949,243,34,17,73,484,179,5,563,252,48,3,0,2,0,6,2,37,1,40,29,0,1,8,10,8,11,8,0,4,0,0,3,3,1,0,0,24,0,4,0,0,0,0,1,270,1,0,0,0,1,0,7,1,74,21,0,0,3,0,1,3,156,4,104,5,192,129,0,53,0,0,277,23,0,4,0,2,4,3,0,2,0,0,29,0,0,2,0,3,1,95,73,18,2222,0,0,2,7,0,1,7,2,0,0,0,7,0,2,0,0,1,0,0
SVB,0,0,0,0,0,0,0,0,0,0,0,0,0,0,0,0,0,0,0,0,0,0,0,0,0,0,1,0,0,0,0,0,0,0,0,0,0,0,0,0,0,0,0,0,0,0,0,0,0,0,0,0,0,0,0,0,0,0,0,0,0,0,0,0,0,0,0,0,0,0,0,0,0,0,0,0,0,0,0,0,0,0,0,0,0,0,0,0,0,0,0,0,0,0,0,0,0,0,0,0,0,0,0,0,0,0,0,0,0,0,0,0,0,0,1,0,0,0,0,0,1,0,0,0,0,0,0,0,0,0,0,0,0
SVT,1,53,1,0,4,13,6,9,26,7,20,10,7,3,1,0,1,6,0,7,8,49,40,1,0,7,0,59,10,7,0,0,0,0,0,0,0,0,0,2,0,0,0,0,1,19,0,0,0,0,0,0,0,0,0,7,3,0,0,0,0,1,11,0,0,2,0,0,0,0,0,1,0,2,0,0,0,0,0,3,0,1,0,3,0,10,26,0,14,6,0,69,1,0,0,9,2,0,0,0,0,0,0,5,0,0,0,0,0,0,56,21,2,0,0,752,1,0,0,1,7,0,0,0,0,0,2,0,0,0,0,0,3
TIA,0,0,0,1,0,0,0,0,0,0,0,0,0,0,0,0,0,0,0,0,0,0,2,1,0,0,0,0,0,0,0,0,0,0,0,0,0,0,0,0,0,0,0,0,0,0,0,0,0,0,0,0,0,0,0,0,0,0,0,0,0,0,0,0,0,0,0,0,0,0,0,0,0,0,0,0,0,0,0,0,0,0,0,0,0,0,0,0,0,0,0,0,0,0,0,0,0,0,0,0,0,0,0,0,0,0,0,0,0,0,0,1,0,2,0,1,7,0,0,1,7,0,0,0,0,0,0,0,0,0,0,0,0
TPW,0,0,3,0,0,3,2,1,7,1,1,9,3,14,32,2,7,3,0,2,10,30,1,5,12,104,0,33,19,0,0,0,1,0,0,0,0,0,0,1,0,0,0,0,0,7,0,0,0,0,0,0,0,0,0,0,20,0,0,0,0,0,0,0,0,0,0,0,0,0,0,0,1,0,0,0,0,2,0,0,0,0,1,0,0,3,11,0,1,0,0,0,0,0,0,0,0,0,0,0,13,0,0,10,0,0,0,0,0,0,18,6,0,7,0,0,0,133,1,0,0,0,0,0,0,0,0,0,0,0,0,0,0
UAb,7,74,4,0,0,7,0,4,11,3,1,1,1,7,7,0,2,5,0,9,0,6,4,5,33,4,0,54,11,0,1,0,0,0,0,0,0,0,0,0,0,0,0,0,1,1,0,1,6,0,0,1,0,0,0,0,1,0,2,0,0,0,0,0,0,1,0,0,0,0,0,0,0,0,1,0,0,1,0,0,0,0,0,0,1,14,25,0,0,0,0,2,0,0,2,0,1,0,0,0,1,0,0,0,1,1,0,0,0,0,44,4,0,0,0,0,0,1,135,0,0,1,1,0,0,0,0,0,0,0,0,0,0
VBig,9,0,0,1,0,5,4,4,32,8,2,0,4,38,22,0,0,0,1,0,2,3,3,3,5,13,3,9,4,1,0,6,0,0,0,0,0,0,0,5,0,0,0,0,0,0,0,0,0,0,0,0,0,0,0,0,0,0,0,0,0,0,0,0,0,0,0,0,0,0,3,0,0,1,0,0,1,0,0,0,0,1,1,1,0,11,0,0,24,12,0,3,1,0,0,0,2,0,0,0,1,0,0,0,0,0,0,0,0,0,4,3,0,1,0,1,1,0,0,101,48,0,0,0,0,0,0,0,3,0,2,0,0
VEB,215,1,0,10,0,40,93,71,385,139,62,10,81,662,61,2,0,0,36,15,38,30,54,123,6,108,11,184,34,3,0,251,0,0,0,0,4,0,2,24,1,0,0,0,0,1,0,0,0,0,0,1,0,1,0,0,0,0,0,0,10,0,0,0,0,4,0,0,0,0,7,2,0,16,13,0,1,0,0,0,0,56,0,22,11,219,0,0,481,212,1,34,0,0,0,2,8,0,0,0,5,0,0,4,0,0,0,0,0,0,57,112,4,7,1,7,7,0,0,48,1944,0,0,0,0,0,0,0,13,0,10,0,2
VEsB,6,23,5,1,2,2,5,0,6,1,2,0,2,1,6,1,5,9,1,3,1,1,0,3,13,1,1,15,8,0,0,0,1,1,0,0,0,0,0,0,0,0,0,0,0,0,0,1,0,0,0,0,0,0,0,0,2,0,3,0,0,0,1,0,0,1,0,0,0,0,0,1,1,0,0,0,0,2,0,0,0,0,0,0,0,0,11,0,0,0,2,4,0,0,0,0,0,0,0,0,0,0,0,0,0,0,7,0,0,0,7,4,1,2,0,0,0,0,1,0,0,58,1,0,0,0,0,0,1,0,0,0,0
VEsR,0,10,1,0,2,4,1,0,1,0,1,1,1,2,0,4,0,10,0,1,0,1,0,1,4,7,0,5,5,0,0,0,0,0,0,0,0,0,0,0,0,0,0,0,0,0,0,1,6,0,0,0,0,0,0,0,0,0,15,0,0,0,0,0,0,0,0,0,0,0,0,5,0,0,0,0,0,0,0,0,1,0,0,0,0,0,0,0,0,0,0,0,0,0,0,0,0,0,0,0,0,0,0,2,0,0,5,0,0,0,3,2,0,0,0,0,0,0,1,0,0,1,46,0,0,0,0,0,0,0,0,0,0
VF,4,7,0,0,0,1,0,1,0,0,0,0,0,0,0,0,0,0,0,2,0,0,2,0,0,0,0,0,0,0,0,0,0,0,0,0,0,0,0,0,0,0,0,0,0,0,0,0,0,0,0,0,0,0,0,0,0,0,0,0,1,0,0,0,0,0,0,0,0,0,0,0,0,0,0,0,0,0,0,0,0,0,0,0,0,0,0,0,25,1,0,1,1,0,0,0,0,0,0,0,0,0,0,0,0,0,0,0,0,0,1,0,0,0,0,0,0,0,0,0,0,0,0,40,0,1,0,0,0,1,0,0,0
VFL,0,0,0,0,0,0,0,0,0,0,0,0,0,0,0,0,0,0,0,0,0,0,0,0,0,0,0,0,0,0,0,0,0,0,0,0,0,0,0,0,0,0,0,0,0,0,0,0,0,0,0,0,0,0,0,0,0,0,0,0,0,0,0,0,0,0,0,0,0,0,0,0,0,0,0,0,0,0,0,0,0,0,0,0,0,0,0,0,0,0,0,0,0,0,0,0,0,0,0,0,0,0,0,0,0,0,0,0,0,0,0,0,0,0,0,0,0,0,0,0,0,0,0,0,2,0,0,0,0,0,0,0,0
VH,8,0,0,0,0,0,13,19,23,7,2,0,1,23,8,0,0,0,0,18,12,13,4,4,7,15,0,23,13,6,0,6,0,0,0,0,0,0,5,0,0,2,2,2,0,0,0,0,0,0,0,0,0,0,0,0,0,0,0,0,2,1,0,0,2,0,0,2,0,0,1,0,0,6,3,0,0,0,0,0,1,34,1,5,0,60,0,0,6,9,0,17,2,0,0,0,0,0,0,0,0,0,0,17,0,0,0,0,0,0,1,2,4,7,0,0,0,0,0,0,0,0,0,1,0,119,0,0,0,0,0,0,0
VPEx,0,4,0,0,0,0,0,0,0,0,1,0,0,1,0,0,0,1,0,0,1,0,0,0,3,3,0,0,0,0,0,0,0,0,0,0,0,0,0,0,0,0,0,0,0,0,0,0,0,0,0,0,0,0,0,0,0,0,0,0,0,0,0,0,0,0,0,0,0,0,0,0,0,0,0,0,0,0,0,0,0,0,0,0,0,0,0,0,0,0,0,4,1,0,0,0,0,0,0,0,0,0,0,0,0,0,0,0,0,0,0,0,0,0,0,2,0,0,0,0,0,0,0,0,0,0,20,0,0,0,0,0,0
VPP,9,1,0,0,0,0,2,0,4,2,0,1,0,0,1,0,0,0,0,2,1,0,1,1,2,4,0,5,0,7,0,0,0,0,2,0,0,0,1,0,0,0,0,2,0,0,0,0,0,0,0,0,0,0,0,0,0,0,0,0,0,0,0,0,0,0,0,0,0,0,0,0,0,3,0,0,0,0,0,0,0,0,0,3,1,2,0,0,0,0,0,2,0,0,0,0,0,0,1,0,0,0,0,0,0,0,0,0,0,0,0,0,1,2,0,0,0,0,0,0,0,0,0,0,0,0,0,46,0,0,0,0,0
VPVC,0,0,0,3,0,0,0,0,0,0,0,0,0,0,1,0,0,0,0,0,0,0,0,0,0,4,2,0,0,0,0,0,0,0,0,0,1,0,0,0,1,0,0,0,0,0,0,0,0,0,0,1,0,1,0,0,0,0,0,0,8,0,0,0,0,4,0,0,0,0,0,0,0,0,0,0,1,0,0,0,0,0,0,0,0,4,0,0,2,0,1,0,0,0,0,3,6,0,0,0,0,0,0,0,0,0,0,1,0,0,0,1,1,0,0,0,0,0,0,3,13,1,0,0,0,0,0,0,23,0,1,0,1
VTach,1,0,0,0,0,0,0,0,0,0,0,0,0,0,0,0,0,0,0,0,0,0,0,0,0,0,1,0,0,0,0,0,0,0,0,0,0,0,0,0,0,0,0,0,0,0,0,0,0,0,0,0,0,0,0,0,0,0,0,0,2,0,0,0,0,0,0,0,0,0,0,0,0,0,0,0,0,0,0,0,0,0,0,0,0,0,0,0,8,0,0,1,0,0,0,0,0,0,0,0,0,0,0,0,0,0,0,0,0,0,0,0,0,0,0,0,0,0,0,0,0,0,0,1,0,0,0,0,0,12,0,0,0
VTrig,1,0,0,0,0,0,1,1,4,2,0,0,0,12,5,0,0,0,2,1,1,0,0,0,2,10,2,6,0,1,0,3,0,0,0,0,0,0,0,0,0,0,0,0,0,0,0,0,0,0,0,1,0,0,0,0,0,0,0,0,1,0,0,0,0,0,0,0,0,0,0,0,0,0,0,0,0,0,0,0,0,0,0,0,0,3,1,0,6,3,0,2,2,0,0,0,0,0,0,0,0,0,0,0,0,0,0,0,0,0,2,1,0,1,0,0,0,0,0,2,10,0,0,0,0,0,0,0,1,0,37,0,0
WAP,1,0,1,0,0,0,1,0,1,0,0,0,0,0,1,0,0,0,0,0,0,0,2,0,3,0,0,5,0,0,0,0,0,0,0,0,0,0,0,0,0,0,0,1,0,0,0,0,0,0,0,0,0,0,0,0,0,0,0,0,0,0,0,0,0,0,0,0,0,0,0,0,0,1,0,0,0,0,0,0,0,0,0,1,0,0,2,0,0,0,0,1,0,0,0,0,0,0,0,0,0,0,0,0,0,0,0,0,0,0,0,0,0,0,0,0,0,0,0,0,0,0,0,0,0,0,0,0,0,0,0,9,0
WPW,2,7,1,1,1,4,0,3,47,0,2,1,0,75,3,0,1,3,0,0,2,4,0,10,35,13,6,5,0,0,0,41,0,0,0,0,0,0,0,1,0,0,0,0,1,1,0,0,0,0,0,0,0,0,0,0,1,1,0,0,0,0,0,0,0,0,0,0,0,0,0,0,0,1,0,0,0,0,0,0,0,0,0,0,0,1,9,0,7,0,0,0,0,1,0,0,1,0,0,0,0,0,0,0,0,0,0,0,0,0,2,2,0,0,0,3,0,0,0,0,2,0,0,0,0,0,0,0,1,0,0,0,157
